"Authors","Author full names","Author(s) ID","Title","Year","Link","Abstract","Author Keywords","Index Keywords"
"Zentgraf S.; Hagedorn P.; König M.","Zentgraf, S. (57750638300); Hagedorn, P. (57202643228); König, M. (8883542500)","57750638300; 57202643228; 8883542500","Multi-requirements ontology engineering for automated processing of document-based building codes to linked building data properties","2022","https://www.scopus.com/inward/record.uri?eid=2-s2.0-85144141675&doi=10.1088%2f1755-1315%2f1101%2f9%2f092007&partnerID=40&md5=5acd91a8867e62a02f7cabd178f00f3e","The lifecycle of a building is characterized by precise compliance with regulatory specifications for both traditional planning as well as digital planning methods such as Building Information Modeling (BIM). Currently, this regulatory information is mostly available in the unstructured and non-machine-readable form of guidelines, regulations, and standards. The acquisition and conversion of unstructured data into structured semantic knowledge bases for the use in the BIM processes are increasingly being automated using natural language processing in ongoing research. Since ontologies provide such techniques that allow raw data to be formally transformed into domain knowledge, in this paper an ontology is developed based on the data format for data catalogs, properties, and groups of properties described in the ISO 23386. The contribution of this paper is a systematic requirements analysis based on existing literature, standardization, and existing ontologies and the implementation of an ontology accordingly. Applied to a feature of interest, an exemplary property validation using the SPARQL Protocol and RDF Query Language (SPARQL) and generated Shapes and Constraint Language (SHACL) shapes is performed to show how the collected data can be used for automatic constraint checking. © Published under licence by IOP Publishing Ltd.","",""
"Cassandro J.; Mirarchi C.; Zanchetta C.; Pavan A.","Cassandro, Jacopo (58701117500); Mirarchi, Claudio (57205025848); Zanchetta, Carlo (57193789112); Pavan, Alberto (56704637900)","58701117500; 57205025848; 57193789112; 56704637900","ENHANCING ACCURACY IN COST ESTIMATION: STRUCTURED COST DATA INTEGRATION AND MODEL VALIDATION","2024","https://www.scopus.com/inward/record.uri?eid=2-s2.0-85213693439&doi=10.36680%2fj.itcon.2024.058&partnerID=40&md5=36e6234cfc56948ae62f9f95e73c49e0","Cost estimation for tendering is one of the leading causes of legal disputes in the architecture, engineering, construction, and facilities management (AEC/FM) industry. To date, there are no standardized procedures for verifying cost estimation accuracy. The association between cost data and geometric model objects is currently done manually, leading to time losses and inaccuracies in cost estimates. This study defines a new architecture for cost items within the Industry Foundation Classes (IFC) data model to ensure structured cost data, which is currently expressed in unstructured natural language. It encompasses the definition of a cost domain in IFC, potential relationships it may have with an IFC geometric information model, and the validation of these relationships through semi-automated verification procedures of structured data (geometric-cost). A specific case study, focused on a structural IFC model, is examined to assess current and future applications. Additionally, rules for BIM information requirements will be defined through the Information Delivery Specification (IDS) to ensure clear understanding for both humans and computers. This will specify which data must be included in the geometric model to ensure validation and verification of the uniqueness of associated cost data. The results demonstrate the feasibility of defining structured cost elements in IFC and verifying their association with geometric data to ensure coherence and uniqueness in cost estimation. © 2024 The author(s).","AEC/FM; BIM; compliance checking; cost item; cost ontology; IFC; Information Delivery Specification (IDS)","Computational cost; Cost accounting; Cost benefit analysis; Cost engineering; Data accuracy; Model checking; Natural language processing systems; Ontology; Architecture engineering; Architecture management; Compliance checking; Construction management; Cost items; Cost ontology; Engineering constructions; Engineering management; Facilities management; Industry foundation class; Information delivery; Information delivery specification; Ontology's; Cost estimating"
"Schuk V.; Pombo Jiménez M.E.; Martin U.","Schuk, V. (57211624643); Pombo Jiménez, M.E. (59570592700); Martin, U. (7102008474)","57211624643; 59570592700; 7102008474","Technical specifications to meet the requirements of an Automatic Code Compliance Checking tool and current developments in infrastructure construction","2022","https://www.scopus.com/inward/record.uri?eid=2-s2.0-85138994306&doi=10.1016%2fj.rineng.2022.100650&partnerID=40&md5=5f2a284704c0d1ecc9868e32a20a4f85","Building Information Modeling has revolutionized the construction industry by, for example, contributing to the automation of different activities related to the design, planning, and construction of civil works. Tasks such as the review of construction-related codes and regulations, which today still require a great deal of human effort, have begun to be automated through the development of digital applications and tools, thus resulting in the BIM use case Automated Code Compliance Checking (ACCC). So far, however, the research and development around this topic have been focused mainly on the building area, leaving a gap for the infrastructure sector. With this article, the authors intend to contribute to closing this gap, by providing an overview of the current state of development of ACCC tools in infrastructure construction. This overview supports the identification of challenges and requirements for the development of such tools, which are also discussed in detail in the current work. Finally, the author's considerations regarding the formalization and structuring of the engineering knowledge and infrastructure data required for the development of ACCC tools, as well as its mapping in a graph database, which allows access to all the necessary and relevant information for the code checking process, are presented. The result of the research carried out is the detailed structuring of the regulations and their rules from infrastructure construction and the possible modeling implementation in a graph database. In practice, this should help the leading software manufacturers in cooperation with infrastructure engineers, to develop a full-fledged ACCC tool. © 2022 The Authors","Automatic Code Compliance Checking; BIM; Classification of regulation rules; Formalization of engineering knowledge; Graph-based data modeling; Structured infrastructure data","Architectural design; Automation; Compliance control; Construction industry; Graphic methods; Automatic code compliance checking; Automatic codes; BIM; Classification of regulation rule; Code compliance; Compliance checking; Engineering knowledge; Formalisation; Formalization of engineering knowledge; Graph-based; Graph-based data modeling; Structured infrastructure data; Graph Databases"
"Kim D.; Kim I.","Kim, Dongyoung (59345828200); Kim, Inhan (7404143715)","59345828200; 7404143715","Developing a Preliminary Framework for BIM-Enabled Code Checking of Refuge Area in Korean Law","2025","https://www.scopus.com/inward/record.uri?eid=2-s2.0-85205112788&doi=10.1007%2f978-3-031-71013-1_4&partnerID=40&md5=8ed4b3da44bdaff6116340905ee63915","Building Information Modeling (BIM)-based code checking stands out as a promising area that seeks to automate the translation of building regulations into programmable criteria. Nonetheless, the translation process still faces significant challenges of integrating natural language regulations into a form that computers can process. This gap necessitates manual data entry by users, introducing a bottleneck that undermines the efficiency and user experience of BIM-based code checking systems. This study aimed to develop an algorithm using BIM to automatically identify the presence or absence of refuge areas in high-rise buildings. In order to do so, the author analyzed the hierarchy of building acts to identify the property information that is essential for deter-mining refuge areas. Using property information such as space classification codes, non-combustible materials, fire-resistant structures, special escape stairs, and emergency elevators, a rule-based algorithm was proposed to assess code compliance. The algorithm enables the automatic identification and assessment of refuge areas in BIM models, opening up the possibility of automating regulatory review during the building permit stage. These results show how BIM technology can be used to significantly improve the accuracy of code checking, reducing the workload and potential for human error during the building permit stage. Therefore, this study shows that BIM-based code checking will be a key contribution to improving the overall quality of construction projects. © The Author(s), under exclusive license to Springer Nature Switzerland AG 2025.","Automated Rule Checking; BIM (Building Information Modelling); Building Code; Building Permit; Code Compliance Checking","Building codes; Concretes; Elevator codes; Model buildings; Mortar; Reviews; Automated rule checking; Building information modeling; Building Information Modelling; Building permits; Code compliance; Code compliance checking; Compliance checking; Model-based OPC; Property; Refuge areas; Tall buildings"
"Makisha E.","Makisha, Elena (57212139102)","57212139102","Features of Regulation Document Translation into a Machine-Readable Format within the Verification of Building Information Models","2023","https://www.scopus.com/inward/record.uri?eid=2-s2.0-85163580772&doi=10.3390%2fcivileng4020022&partnerID=40&md5=847cd796c75e4f38a6be03663b822442","The transition to a design based on information modeling has paved the way for automated verification of project documentation. The most complicated type of design documentation check is the assessment of compliance with the requirements of regulatory documents since its automation requires the translation of statements written in natural language into a machine-readable format. At the same time, building codes and regulations should be suitable for translation into machine-readable form. However, a large number of provisions presented in regulatory documents cannot be subjected to automated verification due to their specific features. This study aimed to analyze the suitability of the regulatory provisions to be translated into a machine-readable format, identify limiting factors, and establish recommendations to avoid these factors. This study was conducted based on the example of the code of rules for “Residential Apartment Buildings” (SP 54.13330.2016) applied in the Russian Federation. During the research, a previously developed algorithm that generates rules for checking building information models and is based on the RuleML language was applied to the provisions of the standard above to identify statements that can and cannot be translated. As a result, 356 statements were received, which were divided into five groups: requirements suitable for translation into a machine-readable format, requirements containing links to other documents (regulatory and not only), requirements of uncertain interpretation, requirements that cannot be verified based on an information model, and informative requirements. For the first group of statements, there were examples given for both the statements and the rules derived from them. For the other four groups, examples of statements were supplied with factors preventing the translation of requirements into a machine-readable format and solutions on how to avoid these factors. An analysis of the distribution of statements (related to the above-mentioned groups) by sections of the standard showed that a significant part of the requirements is suitable for translation into a machine-readable format. The possible obstacles to translation can be overcome by attracting experts and using programming tools. The paper also makes recommendations on how to arrange new standard structures. © 2023 by the author.","BIM; building codes; design assessment; design guides; logic rule; rule checking",""
"Karmakar A.; Delhi V.S.K.","Karmakar, Ankan (57225184134); Delhi, Venkata Santosh Kumar (55358485100)","57225184134; 55358485100","Requirements of Machine Learning and Semantic Enrichment for BIM-Based Automated Code Compliance Checking: A Focus Group Study","2024","https://www.scopus.com/inward/record.uri?eid=2-s2.0-85174689499&doi=10.1007%2f978-3-031-35399-4_6&partnerID=40&md5=61b33091f507589b95f7d401ee192511","Several regulations, standards, and requirements govern the lifecycle of the built environment. Such instances include legislations, government development control rules, environmental compliances, project and contractual requirements, and performance standards to be followed during construction. Compliance checking is a complex task that is often conducted manually, making it a resource-intensive, error-prone, and time-consuming affair. Past researchers have worked on methods and processes of automated compliance checking systems (ACCS); however, there has been a negligible adaptation in the industry. To this end, this study tries to recognize the reasons for the gap in the implementation of the pre-construction permit compliance systems in the Indian construction industry. The study understands the reasons from the end-user’s perspective through the means of a focus group study. Key findings indicate manual pre-processing of data is a significant hurdle in Building Information Models (BIM) for application in ACCS. ACCS applications developed are restricted in their area of usage due to the limitation in applicability beyond explicit building code clauses. Rule-based validation of regulation requires enriched structured data, which is generally absent from the models developed by architects in the design phase. The study indicates the necessity of automated data pre-processing step that includes intelligent model filling suggestions and semantic enrichment to increase the adoption of ACCS. This study points out that automatic semantic enrichment (SE) can be achieved by applying machine learning (ML). Areas of application of SE in ACCS are identified in the study, which can enhance the industry’s user experience and adaptation of ACCS. © 2024, The Author(s), under exclusive license to Springer Nature Switzerland AG.","Automated Code Compliance Checking; Building Information Modeling; Focus Group Study; Machine Learning; Semantic Enrichment","Architectural design; Automation; Compliance control; Construction industry; Data handling; Information theory; Life cycle; Semantics; Automated code; Automated code compliance checking; Automated compliance checking; Building Information Modelling; Code compliance; Compliance checking; Focus group studies; Machine-learning; Model-based OPC; Semantic enrichment; Machine learning"
"Al-Maabreh O.; Hoque M.; Lee Y.; Lee K.; Ghannad P.","Al-Maabreh, Osama (58864546200); Hoque, Misbah (57804705600); Lee, Yongcheol (56402166700); Lee, Kisung (55759077400); Ghannad, Pedram (57202537869)","58864546200; 57804705600; 56402166700; 55759077400; 57202537869","Revealing Inherent Rules and Validation Frameworks for Evaluating BIM Data Regarding Disaster- and Resilience-Related Regulations","2024","https://www.scopus.com/inward/record.uri?eid=2-s2.0-85184085250&doi=10.1061%2f9780784485248.127&partnerID=40&md5=9560bd29aadf862504414ea655669317","Multi-layered and cross-referred disaster resilience regulations and building codes have been a critical obstacle to holistically evaluating long-term resilience of a residential building according to various disaster scenarios. This challenge is caused and worsen by the primary knowledge gap, which is the lack of integrated and executable regulatory rules and specifications related to disaster resilience. To tackle this issue, the authors have identified fundamental resilience rules and built a disaster resilience validation framework that incorporates formalized, but implementable resilience requirements. To accomplish this goal, we thoroughly investigated multi-layered flood-related regulations and revealed their inherent rules for validating the disaster resilience of a single-family house. We identified 42 resilience-related rules and developed them in an implementable format using the eXtensible Markup Language (XML) schema for broadly disseminating them to related domains. The rules include the flood resilience features dealing with lowest floor elevation and freeboard requirements, openings of building walls, breakaway walls for elevated buildings, and obstruction-free buildings in coastal areas. The revealed rules play a pivotal role as a foundational baseline to establish a web-based automated validation system that can assist the public to evaluate building information modelling data. The proposed approach is expected to help logically assess the resilience of buildings and consistently share their updated regulations. © ASCE 2023.All rights reserved.","Automated Rule Checking; BIM; Code Compliance Checking; Disaster Resilience; Flood Disaster Rules","Architectural design; Building codes; Codes (symbols); Compliance control; Disasters; Hypertext systems; Walls (structural partitions); XML; Automated rule checking; BIM; Code compliance; Code compliance checking; Compliance checking; Disaster resiliences; Flood disaster; Flood disaster rule; Multi-layered; Residential building; Floods"
"Venkatesh P.; Ergan S.","Venkatesh, Poornachandra (58651263000); Ergan, Semiha (55220455300)","58651263000; 55220455300","Classification of Challenges in Achieving BIM-Based Safety-Requirement Checking in Vertical Construction Projects","2023","https://www.scopus.com/inward/record.uri?eid=2-s2.0-85174294575&doi=10.1061%2fJCEMD4.COENG-13119&partnerID=40&md5=c7131bd89a7fe18a026ac8bbe332f6f4","Due to the one-off nature of projects, which necessitates setting up of unique production sites, the construction industry requires stringent requirements for safety of the workforce and the public around job sites. Although there are various federal (e.g., OSHA) and local safety regulations (e.g., NYC Department of Buildings codes) to keep construction sites safe and incident free, around 20% of work fatalities in the private industry have been from the construction industry in the past years. Within the current practice, the requirements listed in these regulations are kept within document-based safety plans. The challenge is the large number of safety requirements to be checked with more than 1,000 sections and multiple narratives under each. Given this, the manual approach fails in tracking whether these requirements are properly considered in safety plans, hence resulting in omissions and accidents/incidents due to inadequate implementations of safety requirements. Although automated safety compliance-checking coupled with building information modeling (BIM) has been an opportunity to bring efficiency to the process, there are several challenges that stand in the way of the ideal practice. This research provides the results of rigorous research conducted with the guidance of practitioners in the construction safety and insurance domain, and analysis and implementation of OSHA Part 1926 narratives using model-based checking tools. The results have been consolidated and presented as a taxonomy of challenges along with potential solutions to these challenges. Researchers and practitioners (software vendors, construction companies, regulators) can build on the outcomes to generate solutions to address these challenges.  © 2023 American Society of Civil Engineers.","Automated inspection; Building information model (BIM); Department of Buildings (DOB); Model-based safety; Occupational Safety and Health Administration (OSHA); Safety regulations","Accident prevention; Architectural design; Compliance control; Information theory; Occupational risks; Automated inspection; Building information model; Building Information Modelling; Department of building; Model-based OPC; Model-based safety; Occupational safety and health administration; Occupational safety and health administrations; Safety regulations; Safety requirements; Construction industry"
"Zou Y.; Guo B.H.W.; Papadonikolaki E.; Dimyadi J.; Hou L.","Zou, Yang (57072337800); Guo, Brian H. W. (56602167900); Papadonikolaki, Eleni (56367767700); Dimyadi, Johannes (57193080675); Hou, Lei (55729885900)","57072337800; 56602167900; 56367767700; 57193080675; 55729885900","Lessons Learned on Adopting Automated Compliance Checking in the AEC Industry: A Global Study","2023","https://www.scopus.com/inward/record.uri?eid=2-s2.0-85158999554&doi=10.1061%2fJMENEA.MEENG-5051&partnerID=40&md5=376e8342f81bc745bd5deded222d7cea","Over the last decades, numerous automated compliance checking (ACC) systems have been developed. However, ACC is still not broadly used in the architecture, engineering, and construction (AEC) industry today; little is known as to how ACC can be better accepted by the end users. This paper reports on a multicase study to learn valuable lessons from recent attempts to adopt ACC systems worldwide. Firstly, 18 semistructured interviews were conducted with 20 experts from eight countries, and supplementary data (e.g., documents, product information, and literature) related to each case were collected. Secondly, the interview and supplementary data were then coded to develop prominent themes. Thirdly, through a cross-case analysis, the 12 most determining variables that could influence the ACC adoption were identified. Three path models that explain the interrelationships between these variables and 10 propositions that can guide future ACC adoption were deduced. The results indicate that the government should play an important role to facilitate ACC adoption through funding, policies, and incentives. This study also provides valuable information to software vendors for delivering ACC systems that meet the needs of the industry, and for innovation managers in the industry to develop appropriate adoption plans for the ACC technology. © 2023 American Society of Civil Engineers.","Automated compliance checking (ACC); Building information modeling (BIM); Case study; Construction; Technology adoption","Architectural design; Automation; Behavioral research; Architecture engineering; Automated compliance checking; Building information modeling; Building Information Modelling; Case-studies; End-users; Learn+; Supplementary data; Technology adoption; Compliance control"
"Purushotham N.; Kailashnath C.; Mutis I.","Purushotham, Nishanth (58867366900); Kailashnath, Chethan (58867563900); Mutis, Ivan (8844144500)","58867366900; 58867563900; 8844144500","Towards an Intelligent Automated Building Code Compliance System","2024","https://www.scopus.com/inward/record.uri?eid=2-s2.0-85184286900&doi=10.1061%2f9780784485224.007&partnerID=40&md5=8385e686c222a6145078d69684cd048e","An automated intelligent building code compliance methodology using a flexible and adaptable BIM authoring tool is presented. The method is designed to use minimal computing resources in different contexts of code applications. The innovation utilizes the complete corpus of the building code as input for compliance checking. Current research developments use specific sections of the code that focus only on parts of the building code without making inferences to subsections or other building codes. The approach uses natural language processing techniques to generate an easy-To-process output [simplified comma-separated value (CSV) file] for rapid interpretation and further manipulation for review and modifications of the generated ruleset, thereby increasing the accuracy of the rule when needed. Simultaneously, the approach prevents the recreation of rulesets when inferred sections were previously generated, to ensure the integrity of IBC sections and subsections structure. This paper presents the data extraction and processing approach that generates computer-readable rules using building code paragraphs. Future work will incorporate methods to fully process tables and figures to generate a comprehensive check and inference in compliance. © International Conference on Computing in Civil Engineering 2023.All rights reserved.","","Architectural design; Building codes; Compliance control; Intelligent buildings; Natural language processing systems; 'current; Authoring tool; Automated buildings; Code compliance; Compliance checking; Computing resource; Language processing techniques; Natural languages; Process output; Research development; Data handling"
"Zech P.; Burger P.; Hammes S.; Geisler-Moroder D.; Breu R.","Zech, Philipp (35933646100); Burger, Peter (59465950300); Hammes, Sascha (57219328286); Geisler-Moroder, David (26427633200); Breu, Ruth (55885332900)","35933646100; 59465950300; 57219328286; 26427633200; 55885332900","BIMReason: Validating BIM model correctness","2024","https://www.scopus.com/inward/record.uri?eid=2-s2.0-85211501666&doi=10.1002%2fbapi.202400035&partnerID=40&md5=00bc7f47694824a4edef6251d235a853","Compliance inspections and building analysis are critical to the success of any construction project. At present, such assessments are primarily conducted manually by experts in the architecture, engineering and construction (AEC) sector resulting in a tedious, labor-intensive, and generally inefficient undertaking. Yet, with the gradual adoption of Building Information Modeling (BIM), automated building analysis and compliance checking become feasible. The Industry Foundation Classes (IFC) has received a lot of traction in the AEC industry as a vendor-neutral data model. Its well-defined semantics can be exploited by reasoning engines that allow for semantic reasoning on building models, the core mechanism required for automated compliance checking and building analysis. In this paper, a general-purpose model checking framework for IFC building models, as well as an appropriate specification layout are introduced. Model checking via semantic reasoning is realized using various technologies from the Semantic Web. To present and evaluate our implementation, a sample specification is developed and tested on two IFC building models. © 2024 Ernst & Sohn GmbH.","BIM; model checking; model correctness; reasoning",""
"Zhang J.; Cui B.; Gao Y.; Zhang D.","Zhang, Jinyue (12790557500); Cui, Bing (58529348500); Gao, Ying (56252456100); Zhang, Daxin (54080739100)","12790557500; 58529348500; 56252456100; 54080739100","Factors Influencing the Acceptance of BIM-Based Automated Code Compliance Checking in the AEC Industry in China","2023","https://www.scopus.com/inward/record.uri?eid=2-s2.0-85167435171&doi=10.1061%2fJMENEA.MEENG-5344&partnerID=40&md5=71e8de6a9cbc6c4f93a4ce8eddc79969","With the rapid development of building information modeling (BIM) and Industry Foundation Classes, BIM-based automated code compliance checking (ACCC) has long been desired by the architecture, engineering, and construction (AEC) industry. Numerous studies on the technological issues of BIM-based ACCC have been conducted over the past decade, but no studies have focused on the acceptance of BIM-based ACCC by the AEC industry. Understanding how the industry views BIM-based ACCC and the factors that influence the industry's perception will give a clear direction to research, development, and application of this process in both technological and managerial areas. To fill the gap, this study used a hybrid approach that incorporates Decision-Making Trial and Evaluation Laboratory and Interpretative Structural Modeling methods to study the factors influencing the acceptance of BIM-based ACCC in the AEC industry in China in terms of five different dimensions (technology, organization, individual, environment, and economy) to reveal the importance of each factor and the interaction among factors. Data in this study were collected from both the design sector and the construction sector. Similarities and differences in attitudes toward BIM-based ACCC in firms in the two sectors are fully addressed and compared, and suggestions to encourage better acceptance and adoption of BIM-based ACCC in each of these sectors are provided. © 2023 American Society of Civil Engineers.","","Architectural design; Compliance control; Decision making; Architecture engineering; Automated code; Building Information Modelling; Code compliance; Compliance checking; Industry Perceptions; Industry views; Information industry; Model-based OPC; Research applications; Construction industry"
"de Marco G.; Slongo C.; Siegele D.","de Marco, Giancarlo (59234141500); Slongo, Cinzia (57195938488); Siegele, Dietmar (57188715988)","59234141500; 57195938488; 57188715988","Enriching Building Information Modeling Models through Information Delivery Specification","2024","https://www.scopus.com/inward/record.uri?eid=2-s2.0-85199636466&doi=10.3390%2fbuildings14072206&partnerID=40&md5=3711e2aa68f1905e469eaf65ed22d9b5","The efficient acquisition and dissemination of information are crucial in building information modeling (BIM). Current BIM models face significant challenges, including inadequate modeling techniques, poorly defined information requirements, and low interoperability. These issues result in poor information quality and complicate the transition from information acquisition to model processing. Public authorities often provide documentation in various formats, requiring manual transfer to software, which is error-prone and burdensome. This process is particularly difficult for small and medium enterprises lacking resources and knowledge. To address these issues, the IDS (Information Delivery Specification) Collab Tool is under development. This tool aims to automate the import of requirements into authoring software, perform automated compliance checks, and enhance interoperability among stakeholders. It will assist designers in providing accurate information according to requirements through the IDS standard, improving model quality and efficiency from early design stages. Adapting BIM models to specific project requirements and aligning new IDS capabilities with traditional industry practices remain significant challenges. Preliminary evaluations indicate the tool’s potential to significantly improve workflow efficiency and compliance in BIM modeling. However, broader awareness and adoption of the IDS standard are needed. Further research and refinement are essential to fully realize the benefits of digital tools in revolutionizing design and construction practices. © 2024 by the authors.","automated compliance checking; building information modeling; industry foundation classes; information delivery specification; information requirement","Architectural design; Compliance control; Digital devices; Efficiency; Information theory; Interoperability; 'current; Automated compliance checking; Building Information Modelling; In-buildings; Industry foundation class; Information delivery; Information delivery specification; Information requirement; Modelling techniques; Poor information; Specifications"
"Bigdeli S.; Pauwels P.; Verstockt S.; Van de Weghe N.; Merci B.","Bigdeli, Soheila (59359359600); Pauwels, Pieter (36661189900); Verstockt, Steven (35079597400); Van de Weghe, Nico (8973773700); Merci, Bart (6603877485)","59359359600; 36661189900; 35079597400; 8973773700; 6603877485","Semantic Enrichment of a BIM Model Using Revit: Automatic Annotation of Doors in High-Rise Residential Building Models Using Machine Learning","2025","https://www.scopus.com/inward/record.uri?eid=2-s2.0-85205835507&doi=10.1007%2fs10694-024-01655-0&partnerID=40&md5=aa8797d89d8e48044ddfacfdaa2b9ee6","This study explores the potential of automated fire safety conformity checks using a BIM tool. The focus is on travel distance regulations, one of the major concerns in building design. Checking travel distances requires information about the location of exits. Preferably, the Building Information Model (BIM) of the building should contain such information, and if not, user input can be requested. However, a faster, yet still reliable and accurate, methodology is strived for. Therefore, this study presents an automated solution that uses machine learning to add the required semantics to the building model. Three algorithms (Bagged KNN, SVM, and XGBoost) are evaluated at a low Level of Detail (LOD) BIM models. With precision, recall, and F1 scores ranging from 0.87 to 0.90, the model exhibits reliable performance in the classification of doors. In a validation process with two separate sample buildings, the models accurately identified all ’Exits’ in the first building with 94 samples, with only 5 to 6 minor misclassifications. In the second building, all models- with the exception of the SVM - correctly classified every door. Despite their theoretical promise, oversampling techniques do not enhance the results, indicating their inherent limitations. © The Author(s), under exclusive licence to Springer Science+Business Media, LLC, part of Springer Nature 2024.","Automated code compliance checker; Building information model; Fire safety codes; Machine learning; Semantic enrichment","Adversarial machine learning; Architectural design; Building codes; Fireproofing; Tall buildings; Automated code; Automated code compliance checker; Automatic annotation; Building Information Modelling; Code compliance; Fire safety codes; High rise residential building; Machine-learning; Semantic enrichment; Travel distance; Doors"
"Zhou Y.; She J.; Huang Y.; Li L.; Zhang L.; Zhang J.","Zhou, Yilun (57748117400); She, Jianjun (56263213100); Huang, Yixuan (57748769000); Li, Lingzhi (57196180706); Zhang, Lei (59814846700); Zhang, Jiashu (57748117500)","57748117400; 56263213100; 57748769000; 57196180706; 59814846700; 57748117500","A Design for Safety (DFS) Semantic Framework Development Based on Natural Language Processing (NLP) for Automated Compliance Checking Using BIM: The Case of China","2022","https://www.scopus.com/inward/record.uri?eid=2-s2.0-85132147787&doi=10.3390%2fbuildings12060780&partnerID=40&md5=7870dc236bb26a9eaaa7e86aedd21baf","For design for safety (DFS), automated compliance checking methods have received extensive attention. Although many research efforts have indicated the potential of BIM and ontology for automated compliance checking, an efficient methodology is still required for the interoperability and semantic representation of data from different sources. Therefore, a natural language processing (NLP)-based semantic framework is proposed in this paper, which implements rules-based automated compliance checking for building information modeling (BIM) at the design stage. Semantic-rich information can be extracted from safety regulations by NLP methods, which were analyzed to generate conceptual classes and individuals of ontology and provide a corpus basis for rule classification. The data on BIM was extracted from Revit to a spreadsheet using the Dynamo tool and then mapped to the ontology using the Cellfie tool. The interoperability of different source data was well improved through the isomorphism of information in the framework of semantic integration, causing data processed by the semantic web rule language to be transformed from safety regulations to achieve the purpose that automated compliance checking is implemented in the design documents. The practicability and scientific feasibility of the proposed framework was verified through a 95.21% recall and a 90.63% precision in compliance checking of a case study in China. Compared with traditional compliance checking methods, the proposed framework had high efficiency, response speed, data interoperability, and interaction. © 2022 by the authors. Licensee MDPI, Basel, Switzerland.","automated compliance checking; building information modeling; design for safety; natural language processing; ontology; semantic web",""
"Zhu S.; Zhou J.; Cheng L.; Fu X.; Wang Y.; Dai K.","Zhu, Simiao (59396247100); Zhou, Jianliang (41763017300); Cheng, Lei (59395998800); Fu, Xuehai (57786824300); Wang, Yan (59395998900); Dai, Kexin (58567487900)","59396247100; 41763017300; 59395998800; 57786824300; 59395998900; 58567487900","Research on a BIM Model Quality Compliance Checking Method Based on a Knowledge Graph","2025","https://www.scopus.com/inward/record.uri?eid=2-s2.0-85208174068&doi=10.1061%2fJCCEE5.CPENG-5950&partnerID=40&md5=5088bb1e3e5878b7449fbda9272a8350","With the development of information technology, building information modeling (BIM) is becoming widely used in the construction industry. It is very important to ensure the quality and compliance of BIM models. To solve the problem of time-consuming and laborious traditional checking methods and the limitation that existing software hard coding cannot adapt to rule changes, this paper proposes a BIM model quality compliance checking method based on knowledge graph that can quickly check BIM models through automated checking and ensure the modeling quality of BIM models. Firstly, knowledge extraction for BIM modeling standards and delivery standards is carried out based on knowledge graph technology to structurally represent text. Then, Revit secondary development technology and the C# programming language are adopted to develop a BIM model quality compliance checking system based on the knowledge graph analysis results and the structured query language (SQL) built-in rule knowledge base. Based on the knowledge base, the BIM model is automatically checked for quality compliance, and the naming, material, parameters, and rationality of each professional component are checked. Next, it is checked whether it conforms to the standard. Finally, the model modification plan is provided by checking the problem components and noncompliance details. The case application results show that the BIM model quality compliance checking system developed based on knowledge graph technology can identify defects or errors that do not meet the standards in the model, verify the feasibility and practicability of the system, and provide a new method for BIM designers to modify and improve the model. © 2024 American Society of Civil Engineers.","Automated checking; Building information model; C#; Knowledge graph; Revit secondary development; Rule base","Building Information Model; C (programming language); Query languages; Structured Query Language; Automated checking; Building Information Modelling; C#; Knowledge graphs; Modeling quality; Quality compliance checking; Revit secondary development; Rule basis; Rule changes; Secondary development; Knowledge graph"
"Wu J.; Xue X.; Zhang J.","Wu, Jin (57202516292); Xue, Xiaorui (57218159108); Zhang, Jiansong (55358453700)","57202516292; 57218159108; 55358453700","INVARIANT SIGNATURE, LOGIC REASONING, AND SEMANTIC NATURAL LANGUAGE PROCESSING (NLP)-BASED AUTOMATED BUILDING CODE COMPLIANCE CHECKING (I-SNACC) FRAMEWORK","2023","https://www.scopus.com/inward/record.uri?eid=2-s2.0-85160546477&doi=10.36680%2fj.itcon.2023.001&partnerID=40&md5=30bebff843041b3d9b77af867cc11fe5","Traditional manual building code compliance checking is costly, time-consuming, and human error-prone. With the adoption of Building Information Modeling (BIM), automation in such a checking process becomes more feasible. However, existing methods still face limited automation when applied to different building codes. To address that, in this paper, the authors proposed a new framework that requires minimal input from users and strives for full automation, namely, the Invariant signature, logic reasoning, and Semantic Natural language processing (NLP)-based Automated building Code compliance Checking (I-SNACC) framework. The authors developed an automated building code compliance checking (ACC) prototype system under this framework and tested it on Chapter 10 of the International Building Codes 2015 (IBC 2015). The system was tested on two real projects and achieved 95.2% precision and 100% recall in non-compliance detection. The experiment showed that the framework is promising in automating building code compliance checking. Compared to the state-of-the-art methods, the new framework increases the degree of automation and saves manual efforts for finding noncompliance cases. COPYRIGHT: © 2023 The author(s).","Automated Compliance Checking; Building Codes; Building Information Modeling (BIM); Invariant Signature; Logic Reasoning; Natural Language Processing","Building codes; Modeling languages; Natural language processing systems; Automated buildings; Automated compliance checking; Building Code Compliance Checking; Building information modeling; Building Information Modelling; Invariant signature; Language processing; Logic reasoning; Natural language processing; Natural languages; Semantics"
"Fischer S.; Urban H.; Schranz C.; Loibl P.; van Berlo L.","Fischer, Simon (57733754400); Urban, Harald (57221804706); Schranz, Christian (11640547200); Loibl, Patrick (59391343400); van Berlo, Léon (36697550800)","57733754400; 57221804706; 11640547200; 59391343400; 36697550800","Extending Information Delivery Specifications for digital building permit requirements","2024","https://www.scopus.com/inward/record.uri?eid=2-s2.0-85207915767&doi=10.1016%2fj.dibe.2024.100560&partnerID=40&md5=67699fa27bda45d1f4f125aaf465242b","This paper examines the potential for extending the Information Delivery Specification (IDS) schema to facilitate its integration into the building permit process. IDS is an open specification for defining and verifying information requirements for digital building models. Building authorities have already begun utilising IDS to define information requirements for automated code compliance checks. However, this requires the filtering of elements beyond the current scope of IDS. Such filtering functionality also has the potential to facilitate simple code compliance checks. This paper presents concepts for extending IDS to define information requirements for escape route analysis and code compliance checks for Austrian fire resistance regulations. The main extension was the filtering of elements depending on characteristics of related elements. Nesting existing functionalities enabled the schema to remain simple. A prototype implementation demonstrated that minor extensions to the IDS schema can significantly enhance its functionality, paving the way for broader applications of IDS. © 2024 The Authors","BIM; Code compliance checking; Digital building permit; Escape route analysis; IDS","Building permits; Code compliance; Code compliance checking; Compliance checking; Digital building permit; Escape route; Escape route analyze; Information delivery; Information delivery specification; Information requirement; Building codes"
"Chen D.; Chen L.; Zhang Y.; Lin S.; Ye M.; Sølvsten S.","Chen, Dayou (59154529000); Chen, Long (57218501068); Zhang, Yu (59154196500); Lin, Shan (59885422200); Ye, Mao (57209730454); Sølvsten, Simon (58035665700)","59154529000; 57218501068; 59154196500; 59885422200; 57209730454; 58035665700","Automated fire risk assessment and mitigation in building blueprints using computer vision and deep generative models","2024","https://www.scopus.com/inward/record.uri?eid=2-s2.0-85195094640&doi=10.1016%2fj.aei.2024.102614&partnerID=40&md5=c9503c93926c708d4563905462843a59","Building fire risks pose significant threats to individual safety and bear substantial economic consequences. Consequently, developing effective automated fire risk assessment and mitigation solutions has become increasingly crucial to mitigate fire risks and reduce losses. Previous automated fire risk assessment approaches have predominantly relied on structured building design information, such as Industry Foundation Classes (IFC)-based Building Information Modelling (BIM) models, which limited their applicability in scenarios without such data. Additionally, there is a notable absence of a comprehensive approach in existing research for effectively mitigating fire risks identified during the assessment process. This study aims to bridge these gaps by proposing an innovative approach for assessing and mitigating fire risks using raw building blueprints. This approach incorporates advanced computer vision techniques to process both paper-based and digital blueprints. It then employs a knowledge-based algorithm for evaluating fire safety and regulatory compliance within these blueprints. A key innovation is the development of a deep generative model that redesigns unqualified blueprint designs to meet safety standards. This research contributes to the field by providing a more capable, accessible, and flexible approach for automated building safety, introducing Artificial Intelligence (AI)-enabled solutions for risk mitigation. It offers a versatile option applicable to various building types, significantly enhancing fire safety and compliance, especially for buildings without extensive BIM data. This study addresses the limitations of current methodologies and lays the groundwork for future advancements in automated fire risk assessment and mitigation. © 2024 Elsevier Ltd","Automated compliance checking; Blueprint analysis; Deep generative models; Fire risk management; Floorplan generation","Architectural design; Automation; Compliance control; Computer vision; Fires; Knowledge based systems; Regulatory compliance; Risk assessment; Risk management; Risk perception; Automated compliance checking; Blueprint analyse; Deep generative model; Fire risk assessment; Fire risks; Fire-risk management; Floorplan generation; Floorplans; Generative model; Risk mitigation; Blueprints"
"Zheng Z.; Zhou Y.-C.; Lu X.-Z.; Lin J.-R.","Zheng, Zhe (57212455905); Zhou, Yu-Cheng (57208139536); Lu, Xin-Zheng (15728275900); Lin, Jia-Rui (56703744700)","57212455905; 57208139536; 15728275900; 56703744700","Knowledge-informed semantic alignment and rule interpretation for automated compliance checking","2022","https://www.scopus.com/inward/record.uri?eid=2-s2.0-85136648991&doi=10.1016%2fj.autcon.2022.104524&partnerID=40&md5=99f2110e12e3ee222e5b1dc8444a42ec","As an essential prodecure to improve design quality in the construction industry, automated rule checking (ARC) requires intelligent rule interpretation from regulatory texts and precise alignment of concepts from different sources. However, there still exists semantic gaps between design models and regulatory texts, hindering the exploitation of ARC. Thus, a knowledge-informed framework for improved ARC is proposed based on natural language processing. Within the framework, an ontology is first established to represent domain knowledge, including concepts, synonyms, relationships, constraints, etc. Then, semantic alignment and conflict resolution are introduced to enhance the rule interpretation process based on predefined domain knowledge and unsupervised learning techniques. Finally, an algorithm is developed to identify the proper SPARQL function for each rule, and then to generate SPARQL-based queries for model checking purposes, thereby making it possible to interpret complex rules where extra implicit data needs to be inferred. Experiments show that the proposed framework and methods successfully filled the semantic gaps between design models and regulatory texts with domain knowledge, which achieves a 90.1% accuracy and substantially outperforms the commonly used keyword matching method. In addition, the proposed rule interpretation method proves to be 5 times faster than the manual interpretation by domain experts. This research contributes to the body of knowledge of a novel framework and the corresponding methods to enhance automated rule checking with domain knowledge. © 2022 Elsevier B.V.","Automated compliance checking (ACC); Automated rule checking (ARC); Building information modeling (BIM); Knowledge modeling; Natural language processing (NLP); Rule interpretation; Semantic alignment","Architectural design; Automation; Compliance control; Construction industry; Learning algorithms; Modeling languages; Natural language processing systems; Semantics; Automated compliance checking; Automated rule checking; Building information modeling; Building Information Modelling; Knowledge model; Language processing; Natural language processing; Natural languages; Rule interpretation; Semantic alignments; Domain Knowledge"
"Tang X.; Xie Y.-S.; Zhang C.; Wang B.; Zhang H.","Tang, Xiang (58248818600); Xie, Yong-Shu (59506346500); Zhang, Chi (56097556900); Wang, Bo (57219239195); Zhang, Hong (59881637900)","58248818600; 59506346500; 56097556900; 57219239195; 59881637900","A Method for Automated Compliance Check for 3D Design Result Based on Knowledge Graph; [基于知识图谱的三维设计成果自动合规性检查方法]","2023","https://www.scopus.com/inward/record.uri?eid=2-s2.0-85214501396&doi=10.3969%2fj.issn.1002-0268.2023.11.009&partnerID=40&md5=222659a507d989a780811df46c69382d","In order to ensure that the building information model (BIM) of highway engineering conforms to the requirement of design specifications, and to improve the automation level of highway design result compliance check, the application of the compliance check in the engineering field is relied on, based on the knowledge graph technology, the framework of automated compliance check system for highway 3D design result is proposed. First, based on the highway design specifications, through the work of data pre-processing, information extraction and graph generation, the seven-step method is used to explore the method for road design knowledge graph construction. Then, based on the IFC data storage standard of BIM technical standard, the method of BIM data classification and pertinence extraction for road design knowledge graph network are studied. Finally, by studying the knowledge structure of road design knowledge graph and the structure of BIM data, the mapping relationship between the compliance check rules and the model data is established, the matching algorithm of BIM and compliance check rules for highway engineering is proposed. At the same time, through the combination of natural language processing (NLP) technology and semantic matching, the practical method of automated question answering in highway design is further explored on the basis of highway design knowledge atlas. Based on the above theoretical framework, an automated compliance check system for highway 3D design result is designed and developed. The feasibility and accuracy of the system are verified by a practical case. The result shows that the automated compliance check system of highway 3D design result can provide the method reference for the compliance check of highway 3D design result, it is of great significance to improve the quality, efficiency and accuracy of the highway design result compliance check, and it also puts forward some thoughts on the follow-up application challenge, renewal and maintenance of the system in China. © 2023 Editorial Department of Journal of Highway and Transportation Research and Development. All rights reserved.","automated checking method; compliance check; highway 3D design; knowledge graph; road engineering",""
"Kruiper R.; Konstas I.; Gray A.J.G.; Sadeghineko F.; Watson R.; Kumar B.","Kruiper, Ruben (57190286321); Konstas, Ioannis (35229595400); Gray, Alasdair J.G. (25521946600); Sadeghineko, Farhad (57202646867); Watson, Richard (57310432300); Kumar, Bimal (7401973035)","57190286321; 35229595400; 25521946600; 57202646867; 57310432300; 7401973035","Don’t Shoehorn, but Link Compliance Checking Data","2023","https://www.scopus.com/inward/record.uri?eid=2-s2.0-85184378765&partnerID=40&md5=64af670996b9812e7cdb9838270842cb","Wouldn’t it be great if we could automatically check whether a Building Information Model (BIM) complies with all the relevant building regulations? Despite a plethora of motivations and a long history of research, the Automated Compliance Checking (ACC) problem is far from solved. We argue that a general solution to ACC may not be feasible based on three fundamental difficulties: (1) semantic parsing of regulatory texts, (2) a mismatch in requirements for representing a building project and representing the building elements that ACC rules refer to, and (3) the lack of a strategy to align ACC rules to each other and to building representations. We identify the need for tools that support the use building regulations for their diverse group of users, e.g., not only during Compliance Checking. Our conclusion is that a Linked Data approach is particularly suited to the development of such support tools. © 2023 Copyright for this paper by its authors.","Automated Compliance Checking; Building Regulations; Linked Data","Architectural design; Compliance control; Data handling; Laws and legislation; Semantics; Automated compliance checking; Building element; Building Information Modelling; Building projects; Building regulations; Compliance checking; General solutions; Linked data approaches; Linked datum; Semantic parsing; Linked data"
"","","","Proceedings of the 40th International Symposium on Automation and Robotics in Construction, ISARC 2023","2023","https://www.scopus.com/inward/record.uri?eid=2-s2.0-85172885008&partnerID=40&md5=0f4948e30fde400e80820b063cbbb0e2","The proceedings contain 100 papers. The topics discussed include: automated progress monitoring in modular construction factories using computer vision and building information modeling; BIM-based construction quality assessment using graph neural networks; discrete event simulation based approach for tracking performance of segmental production at precast yard; reducing uncertainty in multi-robot construction through perception modelling and adaptive fabrication; identifying key parameters for BIM-based disassembly planning; building insulation renovation: a process and a software to assist panel layout design, a part of the ISOBIM project; automatic point cloud building envelope segmentation (Auto-CuBES) using machine learning; contribution of dual-tree complex wavelet to three-dimensional analysis of pavement surfaces; and how can ChatGPT help in automated building code compliance checking?.","",""
"Sun H.; Kim I.","Sun, Hongwei (57218616240); Kim, Inhan (7404143715)","57218616240; 7404143715","AUTOMATED CHECKING SYSTEM FOR MODULAR BIM OBJECTS","2022","https://www.scopus.com/inward/record.uri?eid=2-s2.0-85138086038&doi=10.3846%2fjcem.2022.17230&partnerID=40&md5=c43d2252180b15c1b5eeed931287671f","With the increasing popularity of modular buildings, many manufacturers have made BIM objects for use by designers. However, these BIM objects must satisfy specific regulations and requirements, and their quality needs to be verified. In this study, the authors propose an automated checking system for modular BIM object quality verification. The system includes three parts, which are modular BIM object guideline, pre-checking module and automated code checking module. The modular BIM object quality verification system is proposed to be applied to government modular product certification site for checking the modular BIM objects. It is expected that the use of this automated checking system will make it possible to connect users and manufacturers to promote the circulation of modular building products, as well as provide designers with standardized modular BIM objects for design purposes. © 2022 The Author(s). Published by Vilnius Gediminas Technical University.","BIM library; Building e-submission system; building information modeling; DfMA; industry foundation classes; modular BIM object; sutomated code compliance checking","Architectural design; Automation; Compliance control; Modular construction; Product design; BIM library; Building e-submission system; Building Information Modelling; Code compliance; Compliance checking; DfMA; Industry foundation class; Modular BIM object; Modulars; Sutomated code compliance checking; Manufacture"
"Karmakar A.; Delhi V.S.K.","Karmakar, Ankan (57225184134); Delhi, Venkata Santosh Kumar (55358485100)","57225184134; 55358485100","Semantic BIM enrichment using a hybrid ML and rule-based framework for automated tenement compliance checking","2025","https://www.scopus.com/inward/record.uri?eid=2-s2.0-105008929247&doi=10.1016%2fj.autcon.2025.106369&partnerID=40&md5=eb5a3f5159436dffb38956fb6a60a53a","Semantic enrichment enhances BIM models by extracting structured information, improving their applicability for Automated Code Compliance Checking. Rule-based methods rely on well-defined conditions but struggle with tasks like space classification, where explicit checking rules are unavailable. Meanwhile, ML-based classification introduces adaptability but faces liability challenges due to misclassifications. This paper proposes a hybrid framework integrating ML for space classification and rule-based inferencing for tenement identification. The approach ensures that ML automates preprocessing, improving classification through meticulous feature engineering, while rule-based reasoning guarantees logical consistency during verification. Validated using real-world datasets from residential projects in Mumbai, India as a case, the ML-based space classification component achieves an F1-score of 0.85 and accuracy of 0.86, demonstrating its effectiveness. The deterministic tenement identification process delivers error-free results for various dwelling configurations, making it highly suitable for verification workflows. This study advances scalable BIM-based compliance systems by refining semantic enrichment methodologies for future applications. © 2024","Automated code compliance checking; Building information modeling; Industry foundation classes; Machine learning; Semantic enrichment","Architectural design; Artificial intelligence; Classification (of information); Compliance control; Housing; Learning systems; Semantics; Automated code; Automated code compliance checking; Building Information Modelling; Code compliance; Compliance checking; Industry foundation class; Machine-learning; Rule based; Semantic enrichment; Structured information; Automation"
"Madireddy S.; Gao L.; Din Z.U.; Kim K.; Senouci A.; Han Z.; Zhang Y.","Madireddy, Soumya (59937286200); Gao, Lu (55448923100); Din, Zia Ud (59098074300); Kim, Kinam (56430000700); Senouci, Ahmed (7004839380); Han, Zhe (57189232693); Zhang, Yunpeng (57196197498)","59937286200; 55448923100; 59098074300; 56430000700; 7004839380; 57189232693; 57196197498","Large Language Model-Driven Code Compliance Checking in Building Information Modeling","2025","https://www.scopus.com/inward/record.uri?eid=2-s2.0-105007847415&doi=10.3390%2felectronics14112146&partnerID=40&md5=048beceedaab5f7130c9049c533c439a","This research addresses the time-consuming and error-prone nature of manual code compliance checking in Building Information Modeling (BIM) by introducing a Large Language Model (LLM)-driven approach to semi-automate this critical process. The developed system integrates LLMs such as ChatGPT, Claude, Gemini, and Llama, with Revit software to interpret building codes, generate Python scripts, and perform semi-automated compliance checks within the BIM environment. Case studies on a single-family residential project and an office building project demonstrated the system’s ability to reduce the time and effort required for compliance checks while improving accuracy. It streamlined the identification of violations, such as non-compliant room dimensions, material usage, and object placements, by automatically assessing relationships and generating actionable reports. Compared to manual methods, the system eliminated repetitive tasks, simplified complex regulations, and ensured reliable adherence to standards. By offering a comprehensive, adaptable, and cost-effective solution, this proposed approach offers a promising advancement in BIM-based compliance checking, with potential applications across diverse regulatory documents in construction projects. © 2025 by the authors.","AI; BIM; code compliance checking; LLM; semi-automated compliance checking","Apartment houses; Hotels; Houses; Motels; Automated compliance checking; Building Information Modelling; Code compliance; Code compliance checking; Compliance checking; Compliance checks; In-buildings; Language model; Large language model; Semi-automated compliance checking; Building Information Model"
"Li S.; Wang J.; Xu Z.","Li, Sihao (57965413800); Wang, Jiali (57216679896); Xu, Zhao (56173458000)","57965413800; 57216679896; 56173458000","Automated compliance checking for BIM models based on Chinese-NLP and knowledge graph: an integrative conceptual framework","2025","https://www.scopus.com/inward/record.uri?eid=2-s2.0-85189015192&doi=10.1108%2fECAM-10-2023-1037&partnerID=40&md5=2054875d04efb1aaf6e3e57907bc6318","Purpose: The compliance checking of Building Information Modeling (BIM) models is crucial throughout the lifecycle of construction. The increasing amount and complexity of information carried by BIM models have made compliance checking more challenging, and manual methods are prone to errors. Therefore, this study aims to propose an integrative conceptual framework for automated compliance checking of BIM models, allowing for the identification of errors within BIM models. Design/methodology/approach: This study first analyzed the typical building standards in the field of architecture and fire protection, and then the ontology of these elements is developed. Based on this, a building standard corpus is built, and deep learning models are trained to automatically label the building standard texts. The Neo4j is utilized for knowledge graph construction and storage, and a data extraction method based on the Dynamo is designed to obtain checking data files. After that, a matching algorithm is devised to express the logical rules of knowledge graph triples, resulting in automated compliance checking for BIM models. Findings: Case validation results showed that this theoretical framework can achieve the automatic construction of domain knowledge graphs and automatic checking of BIM model compliance. Compared with traditional methods, this method has a higher degree of automation and portability. Originality/value: This study introduces knowledge graphs and natural language processing technology into the field of BIM model checking and completes the automated process of constructing domain knowledge graphs and checking BIM model data. The validation of its functionality and usability through two case studies on a self-developed BIM checking platform. © 2024, Emerald Publishing Limited.","Automatic checking; Building information modeling; Deep learning; Knowledge graph; Natural language processing","Architectural design; Automation; Deep learning; Digital storage; Information theory; Intelligent buildings; Knowledge graph; Learning systems; Life cycle; Modeling languages; Semantics; Structural design; Automated compliance checking; Automatic checking; Building Information Modelling; Building standards; Conceptual frameworks; Deep learning; Knowledge graphs; Language processing; Natural language processing; Natural languages; Natural language processing systems"
"Aslam B.; Umar T.","Aslam, Bilal (59357220900); Umar, Tariq (57191539961)","59357220900; 57191539961","Automated code compliance checking through building information modelling","2023","https://www.scopus.com/inward/record.uri?eid=2-s2.0-85167827977&doi=10.1680%2fjstbu.22.00214&partnerID=40&md5=2f24094632a70220c7158dfba3306d01","The design, construction and handing over of building projects need to comply with the rules set by the local authorities. However, manual assessment of the drawings and plans against variable and complex sets of rules is quite cumbersome, inconsistent, expensive and prone to human error, resulting in huge delays in construction projects. The aim of this research was thus to develop an automated code compliance (ACC) checking process using building information modelling (BIM). The drawbacks of manual code compliance were assessed through a review of the existing system. These were confirmed by 15 interviews with officials of the Capital Development Authority (CDA) in Pakistan. Feedback on the newly developed ACC system with BIM integration was sought through 30 interviews with customers and CDA employees. While the new programme of the code compliance reduced the time involved from 1 week to 6 h, customers were concerned about the additional expense of engaging an architect to develop a complete set of BIM models. ACC and BIM integration in local municipalities should raise the profile of Pakistan in industry innovations and pave the way to meeting several United Nations Sustainable Development Goals. © 2023 ICE Publishing. All rights reserved.","building information modelling (BIM); developing countries; United Nations Sustainable Development Goals","Pakistan; Architectural design; Automation; Compliance control; Information theory; Sustainable development; Automated code; BIM integrations; Building Information Modelling; Code compliance; Compliance checking; Design construction; Pakistan; Rule set; United nation sustainable development goal; United Nations; architectural design; automation; building code; compliance; developing world; Sustainable Development Goal; Developing countries"
"Ismail A.S.; Ali K.N.; Iahad N.A.; Kassem M.A.; Al-Ashwal N.T.","Ismail, Aimi Sara (57195905352); Ali, Kherun Nita (54790627500); Iahad, Noorminshah A. (57201450886); Kassem, Mukhtar A. (57207830182); Al-Ashwal, Najib Taher (57195940782)","57195905352; 54790627500; 57201450886; 57207830182; 57195940782","BIM-Based Automated Code Compliance Checking System in Malaysian Fire Safety Regulations: A User-Friendly Approach","2023","https://www.scopus.com/inward/record.uri?eid=2-s2.0-85163757918&doi=10.3390%2fbuildings13061404&partnerID=40&md5=d3579936e42bcc3d8427c15e3fc6e0aa","Developing automated code compliance checking systems is becoming increasingly complex—to the extent of challenging the implementation of these systems. This paper addresses the need to develop an automated system that prioritises user accessibility. Accordingly, the study aims to develop a system through a semi-automated rule translation process and the utilisation of BIM models in native file format. A total of 256 fire safety clauses in Malaysian regulations were translated through logic-based approaches (classification technique, decomposition through semantic mark-up method, and interview method), which further assisted in identifying the necessary BIM properties. A visual programming language was then utilised to demonstrate the proof-of-concept prototype. The classification technique and semantic mark-up method were established and structured in this study by developing a framework and flowchart to provide specific guidelines for formalizing the clauses. The semi-automated translation process encouraged the participation of relevant regulatory experts and provided more user accessibility compared to existing studies. This study also offered more practicality for designers to employ the system by utilizing native BIM model data representation. High mean scores ranging from 4.09 to 4.96 were obtained for the validation process, which affirmed the feasibility of the BIM-based Automated System for Malaysian Code Compliance Checking (BIMSMACC) to assist designers. © 2023 by the authors.","building information modelling; compliance checking; knowledge representation; semantics; visual programming language",""
"Khattra S.K.; Rai H.S.; Singh J.","Khattra, Satinder Kaur (57218794225); Rai, Hardeep Singh (56236850700); Singh, Jagbir (57213875596)","57218794225; 56236850700; 57213875596","Towards Automated Structural Stability Design of Buildings—A BIM-Based Solution","2022","https://www.scopus.com/inward/record.uri?eid=2-s2.0-85128763813&doi=10.3390%2fbuildings12040451&partnerID=40&md5=df356f129743f9a6ad3d927f7669cd6a","Building information modelling (BIM) is a revolution in the architectural, engineering, and construction (AEC) industry. In the AEC industry, several interesting innovations are being introduced every day. Most of the code compliance work, which is time-consuming and quite multifaceted, is now performed manually. The number of unwanted errors is increasing, and any suspension of the project is led by the structural code-checking system, and is a tiresome process. Subsequently, the BIM-based model is presented to automate the structural stability design of buildings. The Industry Foundation Classes (IFC) specification is introduced in this work, and is used to automate the building design processes to achieve design correctness and efficiency. The IFC-based interoperability framework is presented to automate the design of structural elements of RC buildings. Consequently, a deep multi-perception-based generalized adaptive framework (DMPBGAF) is presented for the automated code compliance checking process. The concepts and relationships in the building code were automatically matched to their equivalent concepts. A building code was checked against the Indian seismic code IS 13920, and when shear wall data were presented in this IFC file, it exchanged the data with the custom engine. It is possible to eliminate the unwanted issues based on the automated code compliance system with BIM. This goal can be accomplished by using a coding rule-based engine to compile the BIM model and store the design code of the specific country with its clauses. After generating the Python file to code all of the prepared checks, the python file in the form of functions was obtained from the IfcOpenShell library. Finally, a rule engine was developed for interpretation of the checks; the three model IFC files were tested on this, and it gave satisfactory results. The FreeCAD software was employed in this research for the IFC-based BIM model to automate the design. The shear wall data were presented in the first IFC model; all of the code checks were passed based on this modelled design, and when given to the rule engine, it gave a 100% compliance report. Insufficiently reinforced shear wall data contained in the other two IFC files were purposely created to fail some of the code checks. This method significantly reduces the time by eliminating the duplication of efforts. From the viewpoint of accuracy and reliability, the proposed method is more accurate and results in enhanced reliability as compared to manual design methods. © 2022 by the authors. Licensee MDPI, Basel, Switzerland.","building information modelling (BIM); code checks; generalized adaptive framework; Indian seismic code; industry foundation classes; IS 13920; rule engine; shear wall data",""
"Li J.; Xiong Z.; Ding Z.","Li, Jinze (59347623000); Xiong, Zhaoyang (57222657552); Ding, Zhikun (21933486700)","59347623000; 57222657552; 21933486700","Transitioning to Intelligent Compliance Checking in Construction: A Review of BIM-based Applications and Prospects","2024","https://www.scopus.com/inward/record.uri?eid=2-s2.0-105009208465&doi=10.1007%2f978-981-97-1949-5_113&partnerID=40&md5=aa99288916aa284dfe152d04a1713db0","In response to increasing demands for precision and efficiency in the construction industry, intelligent compliance checking has emerged as a promising avenue for innovation. This review explores the evolution, application, and potential of intelligent compliance checking within the context of Building Information Modeling (BIM). This study commences by outlining the use of traditional compliance checking methods in the construction industry, emphasizing their limitations in handling the complexities of regulatory requirements and their inefficiency in large-scale applications. This sets the stage for the introduction of intelligent compliance checking as a more sophisticated, efficient, and accurate solution. The current state of BIM-based compliance checking research is delved into in this review, tracing the evolution from automated compliance checking to intelligent compliance checking. This exploration illustrates the advantages and transformative potential of intelligent compliance checking. Despite its promise, challenges that hinder its widespread adoption, such as data incompleteness, issues of interpretability, and the need for consistent reliability, are acknowledged. An in-depth analysis of these bottlenecks is presented, and future directions are proposed to stimulate further development and refinement of intelligent compliance checking technology. In conclusion, it is argued that while intelligent compliance checking presents an array of benefits such as improved efficiency, reduced error rates, and enhanced work quality, its full potential can only be realized by addressing the aforementioned challenges. This paper offers a comprehensive review for researchers and practitioners, aiming to contribute to the discourse on BIM-based intelligent compliance checking and its role in shaping the future of the construction industry. © The Author(s), under exclusive license to Springer Nature Singapore Pte Ltd. 2024.","Artificial intelligence; BIM; Construction industry; Intelligent compliance checking",""
"Bloch T.; Borrmann A.; Pauwels P.","Bloch, Tanya (57110172100); Borrmann, André (14824718700); Pauwels, Pieter (36661189900)","57110172100; 14824718700; 36661189900","An Alternative Approach to Automated Code Checking – Application of Graph Neural Networks Trained on Synthetic Data for an Accessibility Check Case Study","2024","https://www.scopus.com/inward/record.uri?eid=2-s2.0-85174721243&doi=10.1007%2f978-3-031-35399-4_7&partnerID=40&md5=85e4ff296c6541cae440348cec120c95","Automated Code Checking (ACC) can be defined as a classification task aiming to classify building objects as compliant or not compliant to a code provision at hand. While Machine Learning (ML) is a useful tool to perform such classification tasks, it presents several drawbacks and limitations. Buildings are complex compositions of instances that are related to each other by functional and topological relationships. This type of data can be easily supported by property graphs that provide a flexible representation of attributes for every instance as well as the relationships between the instances. This, together with the recent developments in the field of graph-based learning led the authors to explore a novel approach for ACC supported by Graph Neural Networks (GNN). This paper presents a new workflow that implements GNNs for ACC to leverage the advantages of ML but alleviate the limitations. We illustrate the suggested workflow by training a GNN model on a synthetic data set and using the trained classifier to check compliance of a real BIM model to accessibility requirements. The accuracy of the classifier on a test set is 86% and the accuracy of obtained results during the accessibility check is 82%. This suggests that GNNs are applicable to ACC and that classifiers trained on synthetic data can be used to classify building design provided by the industry. While the results are encouraging, they also point to the need for further research to establish the scope and boundary conditions of applying GNNs to ACC. © 2024, The Author(s), under exclusive license to Springer Nature Switzerland AG.","Accessibility; Automated Code Checking (ACC); Building Information Modeling (BIM); Graph Neural Networks (GNN); Machine Learning (ML)","Architectural design; Classification (of information); Codes (symbols); Compliance control; Graph neural networks; Graphic methods; Accessibility; Automated code; Automated code checking; Building information modeling; Building Information Modelling; Graph neural network; Graph neural networks; Machine learning; Machine-learning; Synthetic data; Machine learning"
"Zhang Z.; Broyd T.; Ma L.","Zhang, Zijing (58126104000); Broyd, Tim (56615866400); Ma, Ling (57782119600)","58126104000; 56615866400; 57782119600","Rule capture of automated compliance checking of building requirements: a review","2023","https://www.scopus.com/inward/record.uri?eid=2-s2.0-85167801962&doi=10.1680%2fjsmic.23.00005&partnerID=40&md5=dd49bfac2019f983507c4ce8cfb0690d","In the architectural, engineering and construction industry, building design needs to be checked against regulations before it can be finalised and progress to the construction stage. The traditional manual compliance-checking process is error prone and time consuming. As a solution, automated compliance checking (ACC) was proposed. Rule capture is a crucial bottleneck of ACC. Despite many studies in this domain, no research has synthesised the themes and identified future research opportunities. This paper aims to fill this gap by conducting a systematic literature review and identifying challenges facing this field. The findings revealed that the rule capture process had attracted interest in the past years, and more semi-automated and automated methods have been proposed. The current representation development process lacks a methodological backdrop. The existing representations cannot represent ‘unknowns’ and ‘side effects’, lack the ability to deal with ambiguous rules and are typically restricted by the rule engine and/or target data model. The understanding of rules, representations and the relationships between them is insufficient. Further research is required to address these issues. © 2023 ICE Publishing. All rights reserved.","Building Information Modelling (BIM)/construction management/design/UN SDG 9: Industry; innovation and infrastructure","Architectural design; Compliance control; Construction; Architectural construction; Architectural engineering; Automated compliance checking; Building design; Building requirements; Construction stages; Error prones; Research opportunities; Synthesised; Automation"
"Huitzil I.; Schorlemmer M.; Osman N.; Garcia P.; Coll J.; Coll X.","Huitzil, Ignacio (36056456000); Schorlemmer, Marco (8899558200); Osman, Nardine (16234174300); Garcia, Pere (7201693908); Coll, Josep (57960792300); Coll, Xavier (57961865400)","36056456000; 8899558200; 16234174300; 7201693908; 57960792300; 57961865400","Towards Automated Compliance Checking of Building Regulations: smartNorms4BIM","2022","https://www.scopus.com/inward/record.uri?eid=2-s2.0-85141664535&doi=10.3233%2fFAIA220322&partnerID=40&md5=670c888ecb1e9f90f63581d99b05ae4f","This paper describes a preliminary approach towards automating the compliance checking of constructions with respect to building regulations. We describe a prototype that supports such automated checking by specifying regulations in terms of an ontology, and reasoning with the Building Information Models (BIM) of constructions. The first step in our approach is to translate regulations into a machine-readable format with the support of controlled natural language specifications of rules. Then, we propose a formal specification of the building regulations in OWL2, the de facto standard for ontology engineering on the web. We sub-sequently populate this ontology with data of real-world BIM specifications based on Industry Foundation Classes (IFC) in order to check their compliance with the formalized regulations. Finally, our prototype offers to the end-users a verification report in text and a graphical visualiser with the results of the compliance check. To explain how our prototype works and to demonstrate its applicability, we show some examples taken from a concrete use case.  © 2022 The authors and IOS Press.","Building Information Modeling; Building Regulations; Ontologies; Rule-Compliance Checking","Architectural design; Compliance control; Formal specification; Information theory; Automated compliance checking; Building Information Modelling; Building regulations; Compliance checking; Controlled natural language; Machine-readable format; Natural language specifications; Ontology's; Preliminary approach; Rule-compliance checking; Ontology"
"Chen N.; Lin X.; Jiang H.; An Y.","Chen, Nanjiang (59212162000); Lin, Xuhui (58509769100); Jiang, Hai (55492237600); An, Yi (57223862463)","59212162000; 58509769100; 55492237600; 57223862463","Automated Building Information Modeling Compliance Check through a Large Language Model Combined with Deep Learning and Ontology","2024","https://www.scopus.com/inward/record.uri?eid=2-s2.0-85199602988&doi=10.3390%2fbuildings14071983&partnerID=40&md5=65427538ce181b319759b8abb9d30e3c","Ensuring compliance with complex industry standards and regulations during the design and implementation phases of construction projects is a significant challenge in the building information modeling (BIM) domain. Traditional manual compliance checking methods are inefficient and error-prone, failing to meet modern engineering demands. Natural language processing (NLP) and deep learning methods have improved efficiency and accuracy in rule interpretation and compliance checking. However, these methods still require extensive manual feature engineering, large, annotated datasets, and significant computational resources. Large language models (LLMs) provide robust language understanding with minimal labeled data due to their pre-training and few-shot learning capabilities. However, their application in the AEC field is still limited by the need for fine-tuning for specific tasks, handling complex texts with nested clauses and conditional statements. This study introduces an innovative automated compliance checking framework that integrates LLM, deep learning models, and ontology knowledge models. The use of LLM is motivated by its few-shot learning capability, which significantly reduces the need for large, annotated datasets required by previous methods. Deep learning is employed to preliminarily classify regulatory texts, which further enhances the accuracy of structured information extraction by the LLM compared to directly feeding raw data into the LLM. This novel combination of deep learning and LLM significantly enhances the efficiency and accuracy of compliance checks by automating the processing of regulatory texts and reducing manual intervention. This approach is crucial for architects, engineers, project managers, and regulators, providing a scalable and adaptable solution for automated compliance in the construction industry with broad application prospects. © 2024 by the authors.","automated compliance check; BIM; deep learning; design regulations; large language models (LLMs); ontology knowledge models","Architectural design; Automation; Classification (of information); Compliance control; Computational linguistics; Construction industry; Deep learning; Efficiency; Information theory; Large datasets; Learning systems; Natural language processing systems; Ontology; Personnel training; Regulatory compliance; Structural design; Automated compliance check; Building Information Modelling; Compliance checks; Deep learning; Design regulation; Knowledge model; Language model; Large language model; Ontology knowledge model; Ontology's; Modeling languages"
"Lehoczky D.; García D.; Gade P.N.","Lehoczky, Dániel (58043573300); García, Dean (58043573400); Gade, Peter Nørkjær (57215141120)","58043573300; 58043573400; 57215141120","ADAPTING THE 3S-MODEL FOR INVESTIGATING TRUST IN ARC SOLUTIONS IN THE DANISH CONSTRUCTION INDUSTRY","2022","https://www.scopus.com/inward/record.uri?eid=2-s2.0-85145653163&doi=10.36680%2fj.itcon.2022.048&partnerID=40&md5=a88d3cb19d21f6560a4ba528ab7e0ba0","Automated solutions to building compliance checking has been slow in its implementation in the Danish construction industry. Mainly socio-technical barriers, such as trust in automation challenge the spread of technological advances from research and development. This paper studies the trust relationship of Architectural, Engineering, and Construction (AEC) professionals towards Automated Rule Checking (ARC) systems in Denmark. The 3S-model from the field of cognitive psychology was employed to help understanding the varying ways people assess information credibility. Three hypotheses were tested through experimentation to investigate the significance of different information features, and pertaining user characteristics on human-automation trust behaviors in the domain of ARC. Although the highly specified research area targeted a relatively small demographic within the Danish construction industry, the findings present an interesting new perspective on the common characteristics and trust behaviors of the end user. With the refinement of the framework’s application, the 3S-model can elucidate the many factors that are believed to influence technology acceptance within the industry. This research aims to contribute to the development of ARC solutions with a front-end viewpoint on trustworthiness. © 2022 The author(s).","ARC; Automated Design/Decision Aids; Automated Rule Checking; Automation; BIM; BMC; Socio-Technical; Trust","Architectural design; Automation; Behavioral research; Compliance control; Professional aspects; Automated design; Automated design/decision aid; Automated rule checking; BIM; BMC; Decision aids; Design decisions; Sociotechnical; Trust; Construction industry"
"Yang M.; Zhao Q.; Zhu L.; Meng H.; Chen K.; Li Z.; Hei X.","Yang, Mingsong (57218609854); Zhao, Qin (55743367800); Zhu, Lei (57202316382); Meng, Haining (23111259700); Chen, Kehai (57191723838); Li, Zongjian (57226286505); Hei, Xinhong (6603068061)","57218609854; 55743367800; 57202316382; 23111259700; 57191723838; 57226286505; 6603068061","Semi-automatic representation of design code based on knowledge graph for automated compliance checking","2023","https://www.scopus.com/inward/record.uri?eid=2-s2.0-85160007202&doi=10.1016%2fj.compind.2023.103945&partnerID=40&md5=5eed7c732459def09c56a286ca887f00","Automated compliance checking (ACC) intends to verify the compliance of designs in construction industry by design codes. The ability to interpret and represent semantic information of design codes determines the maximum application scope of ACC. However, design codes are clause texts written in natural languages and existing ACC studies usually use relatively low-complexity code clause samples. At present, the lack of an accurate representation model for design codes leads to difficulties in representing the implicit information, nested logic, and complex relations contained in high-complexity clauses in codes. To address this problem, this research establishes a new representation model based on knowledge graph (KG). Four schemas are proposed into the model including order, complex, event and integration schemas. Further, an accompanying methodology for semi-automatic construction of design code KG (DCKG) is proposed. It includes four parts: interpretation, reconstruction, organization, and implementation. Where the implementation part develops a code annotation platform. In the case study and experiment, a scenario of checking a building information model (BIM) of metro station by GB50157–2013 Code for Design of Metro is adopted to validate the newly proposed representation model and the automated compliance process. The results show that the proposed model and method are correct and feasible, and our model outperforms other models in the representation ability of design codes. © 2023 Elsevier B.V.","Automated compliance checking (ACC); Building design; Building information model (BIM); Design code representation; Knowledge graph (KG)","Automation; Compliance control; Construction industry; Information theory; Knowledge graph; Semantics; Structural design; Subway stations; Automated compliance checking; Building design; Building information model; Building Information Modelling; Code representation; Design code representation; Design codes; Knowledge graph; Knowledge graphs; Architectural design"
"Kumari M.; Jan W.; Deepak M.D.; Malsane S.","Kumari, Mani (59737104100); Jan, Wasee (59736386200); Deepak, M.D. (58299288400); Malsane, Sagar (55203601500)","59737104100; 59736386200; 58299288400; 55203601500","Automated Rule-Based Code Compliance Checking of Excavation Safety Using Building Information Modelling (BIM)","2025","https://www.scopus.com/inward/record.uri?eid=2-s2.0-105002556467&doi=10.1007%2f978-981-97-7206-3_21&partnerID=40&md5=5e205b057d6f16d0635ae242cb6654b7","The construction industry is known for having a high number of accidents worldwide. This occurs prominently due to failure in strict adherence to safety standards and guidelines at various stages of construction. To prevent safety hazards, it is crucial to adhere to safety standards and guidelines by carrying out a compliance check before construction begins. This requires incorporating safety measures into the design process and checking them against the specific rule sets. In this regard, Building Information Modelling (BIM) is currently thought to be a useful approach/technique for analyzing safety hazards throughout the entire life cycle of projects and providing avoidance measures to increase safety performance at project sites. In this paper, the authors have focused on combining safety management standards and guidelines with a Building Information Model (BIM) at the design stage to facilitate safety checks before the beginning of the construction process. Further, this study primarily focuses on extracting semantics-related information from the existing safety regulations, especially about excavation safety, and integrating it into a BIM. The enriched BIM then can be tested against the checkable, computational rule set to identify the potential safety hazards associated with the excavation safety process. The rule-based approach assesses whether the BIM model follows safety codes and specifications and thus helps the stakeholders to communicate safety issues effectively and prevent accidents related to excavation activities. © The Author(s), under exclusive license to Springer Nature Singapore Pte Ltd. 2025.","Automated Rule-based Code Compliance Checking (ARCCC); Building Information Modelling (BIM); construction industry; excavation safety","Automated rule-based code compliance checking; Building information modeling; Building Information Modelling; Code compliance; Compliance checking; Excavation safety; Rule based; Safety guidelines; Safety standard; Standards and guidelines; Building codes"
"Goh W.; Jang J.; Park S.I.; Choi B.-H.; Lim H.; Zi G.","Goh, Wonhui (57477961800); Jang, Jaeguk (59260142700); Park, Sang I. (57204956510); Choi, Bong-Hyuck (57188872911); Lim, Heuiseok (59510565800); Zi, Goangseup (6701704145)","57477961800; 59260142700; 57204956510; 57188872911; 59510565800; 6701704145","Automated Compliance Checking System for Structural Design Codes in a BIM Environment","2024","https://www.scopus.com/inward/record.uri?eid=2-s2.0-85201235083&doi=10.1007%2fs12205-024-1121-5&partnerID=40&md5=e6e5c6e9e76094482b8fbf9cf6a077ed","This study proposes a framework for developing an automated compliance checking (ACC) system that supports the verification of structural calculations in openBIM format. The framework consists of four main aspects: 1) classification of design codes depending on structural components and limit states to be checked; 2) preparation of a structural model according to Industry Foundation Classes; 3) interpretation of conditions in design codes into a machine-readable rule language; and 4) design of an ACC system, with a focus on the rule flow in the structural design code. The framework was demonstrated through a detailed example of an ACC system using ifcOWL, SWQRL, and the Drools inference engine. The ACC system was developed to check the strength and serviceability of a prestressed concrete girder bridge and its components. The developed ACC system verified the actual design example. The proposed framework can help develop ACC systems in structural engineering and can be customized to meet user requirements and accommodate various data sources and design codes. © Korean Society of Civil Engineers 2024.","Automated compliance checking (ACC); Building information modeling (BIM); Industry foundation classes (IFC); open BIM format; Structural calculations","Architectural design; Automation; Compliance control; Concrete beams and girders; Machine components; Prestressed concrete; Automated compliance checking; Building information modeling; Building Information Modelling; Industry foundation class; Modeling format; Open building information modeling format; Open buildings; Structural calculations; Structural design"
"Zou Y.; Wu Y.; Guo B.H.W.; Papadonikolaki E.; Dimyadi J.; Hung S.N.","Zou, Yang (57072337800); Wu, Yuqing (57919011800); Guo, Brian H. W. (56602167900); Papadonikolaki, Eleni (56367767700); Dimyadi, Johannes (57193080675); Hung, Sze Nga (57918818300)","57072337800; 57919011800; 56602167900; 56367767700; 57193080675; 57918818300","Investigating the New Zealand Off-Site Manufacturing Industry's Readiness for Automated Compliance Checking","2022","https://www.scopus.com/inward/record.uri?eid=2-s2.0-85139422732&doi=10.1061%2f%28ASCE%29CO.1943-7862.0002384&partnerID=40&md5=ce424fe2b3e1a2efc41b557add183f2c","Numerous automated compliance checking (ACC) approaches have been developed over the last half of the twentieth century. However, little is known as to how well the ACC technology has served the off-site manufacturing (OSM) industry from the end users' perspective. This paper aims to measure the New Zealand (NZ) OSM industry's awareness and readiness for ACC and explore a pathway toward wider ACC adoption. It first reports on a survey study in NZ with 44 valid survey responses. It then proposes a high-level roadmap with key actions that can facilitate wider ACC adoption through 16 interviews with international ACC experts and a focus group with nine local OSM stakeholders. The results show that although there is a high demand for automating compliance processes, the OSM industry, especially small and medium enterprises, are not ready to adopt the ACC technology. Suggestions to address this include (1) establish the foundation for broad ACC adoption; (2) boost the development of the ACC technology to expedite its maturity, (3) test the ACC technology under different scenarios and customize it for the NZ context; (4) encourage the government to provide funding and policy support; and (5) promote education and training of both building information modeling (BIM) and ACC to OSM stakeholders. The results can provide software vendors with valuable information about user expectations and requirements to develop ACC products that can better serve NZ OSM projects, and help OSM stakeholders in NZ and countries with similar economic and regulatory structures to understand the technological and nontechnological gaps to better prepare for the ACC technology adoption.  © 2022 This work is made available under the terms of the Creative Commons Attribution 4.0 International license,.","Automated compliance checking (ACC); Building information modeling (BIM); Off-site manufacturing (OSM); Technology adoption","Architectural design; Automation; Compliance control; Engineering education; Information theory; Manufacture; Automated compliance checking; Building information modeling; Building Information Modelling; Manufacturing industries; New zealand; Off-site manufacturing; Technology adoption; Twentieth century; Surveys"
"Altintaş Y.D.; Ilal M.E.","Altintaş, Yelin Demir (57223317120); Ilal, M. Emre (6504808675)","57223317120; 6504808675","INTEGRATING BUILDING AND CONTEXT INFORMATION FOR AUTOMATED ZONING CODE CHECKING: A REVIEW","2022","https://www.scopus.com/inward/record.uri?eid=2-s2.0-85133423277&doi=10.36680%2fj.itcon.2022.027&partnerID=40&md5=20a6301170d1a2d205c224bd03790521","Interoperability approaches have attracted much attention in the AEC/FM industry with the increased interest in Building Information Modeling (BIM) studies since 2000's. Especially, the integration of BIM with GIS is crucial for areas, which need detailed information on buildings and their surroundings. Automated code compliance checking against zoning codes is an area that requires both zoning data and building design data. In an ideal automated zoning code checking process, building codes should be retrieved from the responsible authority, data regarding the neighborhood the project is located in should be retrieved directly from the local municipality's GIS, and the building project should be supplied by the designer as a BIM file. The checking process should be able to work with a combination of GIS and BIM data and generate a compliance report. Although recent BIM-GIS integration efforts have been successful in some areas, BIM-GIS integration studies in the context of automated zoning code compliance checking are limited, and the data interoperability problem in this field still needs to be addressed. This paper intends to (1) provide a critical review and analysis of the current BIM and GIS integration studies for building permit processes, (2) present the opportunities that the implementation of integrating BIM and GIS might bring to the automated zoning compliance checking domain and (3) identify promising integration approaches for future efforts. © 2022 The author(s).","automated zoning code compliance checking; BIM; GIS; interoperability","Architectural design; Automation; Compliance control; Data integration; Integration; Zoning; Automated code; Automated zoning code compliance checking; Building Information Modelling; Code compliance; Compliance checking; Context information; GIS Integration; In-buildings; Interoperability approaches; Modelling studies; Interoperability"
"Wu J.; Nousias S.; Borrmann A.","Wu, Jiabin (58292224700); Nousias, Stavros (57191051568); Borrmann, André (14824718700)","58292224700; 57191051568; 14824718700","Design Healing framework for automated code compliance","2025","https://www.scopus.com/inward/record.uri?eid=2-s2.0-85216114158&doi=10.1016%2fj.autcon.2025.106004&partnerID=40&md5=2956eaf5f7fa3a2dfe39ff43135abfa9","Automated Compliance Checking (ACC) techniques have advanced significantly, enabling designers to evaluate building designs against codes. However, architectural engineers have to improve the design by manually implementing the ACC results, which is laborious, iterative, and requires domain expertise. To address this challenge, this paper introduces a Design Healing framework that adapts the original design into code-compliant alternatives. By integrating design data and ACC results, the framework identifies critical non-compliant components through a graph-based topological algorithm and sensitivity analysis. A prior knowledge-informed design space exploration is conducted to find valid alternatives and quantify modifications using weighted Euclidean distances, allowing designers to select options closely aligned with the initial design. Multi-scenario experiments demonstrate the framework's effectiveness in resolving architectural spatial design violations. By automating post-checking design adaptation, the framework reduces manual revisions and provides an efficient tool for achieving compliance while accommodating varying design constraints. This paper establishes a basis for advancing designer-centered automated design correction methods based on ACC techniques. © 2025 The Authors","Automated compliance checking (ACC); Building information modeling (BIM); Design space exploration (DSE); Graph theory; Sensitivity analysis (SA)","Architectural design; Space applications; Automated code; Automated compliance checking; Building information modeling; Building Information Modelling; Code compliance; Design space exploration; Sensitivity analyze; Sensitivity analyzes; Sensitivity analysis"
"Bloch T.; Borrmann A.; Pauwels P.","Bloch, Tanya (57110172100); Borrmann, André (14824718700); Pauwels, Pieter (36661189900)","57110172100; 14824718700; 36661189900","Graph-based learning for automated code checking – Exploring the application of graph neural networks for design review","2023","https://www.scopus.com/inward/record.uri?eid=2-s2.0-85167969638&doi=10.1016%2fj.aei.2023.102137&partnerID=40&md5=30cc9efb45aa80c8239aa7b6e2c42ae9","Although automated code checking (ACC) has been a subject of interest for many years, we have not yet seen significant breakthroughs in the field that may lead to the development of generic, comprehensive tools for ACC. Hard-coded rules are the backbone of all emerging platforms for ACC. These rules require a significant amount of engineering, which often requires manual labor; and the resulting rule sets are strict and difficult to scale to other building models. On the other hand, approaches relying purely on classic machine learning (e.g. SVM) are too coarse and unable to accurately express building information. In our hope to come up with a more scalable solution, we investigate here a novel workflow that relies on graph-based learning algorithms instead of processing rule sets. We illustrate the suggested workflow by checking accessibility requirements in residential houses, which we believe is one of the more promising rule sets that can be checked using graph-based learning methods. The high accuracy of the obtained results is encouraging to continue exploring Graph Neural Networks (GNN) for this type of ACC, yet rule-based and classic ML-based approaches show other advantages as well (rigor and speed, respectively). The main contribution of this work is therefore its identification of meaningful limitations and directions for future research, including alternative graph structures and GNN architectures. © 2023 Elsevier Ltd","Automated code compliance; Building Information Modeling (BIM); Graph Neural Network (GNN); Machine Learning (ML); Rule-based checking","Architectural design; Automation; Codes (symbols); Graph neural networks; Learning algorithms; Machine learning; Automated code; Automated code compliance; Building information modeling; Building Information Modelling; Code compliance; Graph neural network; Graph neural networks; Machine learning; Machine-learning; Rule based; Rule-based checking; Graphic methods"
"Xu S.; Ding Z.; Wen X.; Wang Z.; Zhang Z.","Xu, Shengqu (58799931700); Ding, Zhikun (21933486700); Wen, Xinping (57646343500); Wang, Zhan (57943405500); Zhang, Zhiyu (57765880100)","58799931700; 21933486700; 57646343500; 57943405500; 57765880100","Science Mapping of BIM-Based Automated Compliance Checking Studies: A Bibliometric Approach","2022","https://www.scopus.com/inward/record.uri?eid=2-s2.0-85212515422&doi=10.1007%2f978-981-19-5256-2_9&partnerID=40&md5=61c6709191ec2fe1b914ff30efa68809","The traditional check of architectural design and building codes is based on the two-dimensional CAD drawing, which has the problems of diversified scale, labor-intensive, and low efficiency. Therefore, how to achieve automated compliance checking (ACC) has been a hotspot drawing more attention. However, a comprehensive literature review introducing the status quo of BIM- based ACC has yet to be conducted. To fill this gap, this paper aims to conduct a review based on the 359 related academic papers collected from “Web of science”. Based on science map software i.e. Citespace, insights are provided from the perspectives of co-citation analysis, co-occurrence analysis and cluster analysis. The results show that in the past 20 years, besides an increasing amount of paper published in this field, key research directions such as environmental assessment, construction safety, and data exchange are extremely important for the development of building information modeling (BIM) ACC research. Ontology and natural language processing (NLP) technology are the research hotspots and deserve more future research endeavors. These findings help to summarize the evolution of ACC and provide valuable theoretical and practical references for future research. © The Author(s), under exclusive license to Springer Nature Singapore Pte Ltd. 2022.","Automated compliance checking; Bibliometric analysis; BIM; Natural Language Processing; Ontology",""
"Sun H.; Kim I.","Sun, Hongwei (57218616240); Kim, Inhan (7404143715)","57218616240; 7404143715","APPLYING AI TECHNOLOGY TO RECOGNIZE BIM OBJECTS AND VISIBLE PROPERTIES FOR ACHIEVING AUTOMATED CODE COMPLIANCE CHECKING","2022","https://www.scopus.com/inward/record.uri?eid=2-s2.0-85132431244&doi=10.3846%2fjcem.2022.16994&partnerID=40&md5=e41a98c066795c78f33ebcf2ea6869af","Automated code compliance checking is an effective approach for assessing the quality of building information modeling (BIM) models. Various automated code compliance checking systems have emerged, wherein users need to input all information accurately according to BIM modeling guidelines, in order to ensure the accuracy of checking results. However, as this process involves human inputs, it is difficult to ensure that each input is accurate. In the case of errors or missing inputs, the checking results will be erroneous. Although automated checking systems can be developed accurately, it is difficult to apply these systems practically. Therefore, this paper proposes the application of AI technology to recognize BIM objects and visible properties, in order to improve the operability of automated code compliance checking. The two necessary elements – object names and properties – could be automatically extracted to a certain extent, following the application of the proposed method to the automated code checking process. The error rate of the input could also be reduced, thus making the application of the code checking system more practically feasible. The proposed recognition method for BIM objects and visible properties is also expected to be used widely in BIM-based building e-submission systems and BIM-based forward designs. © 2022 The Author(s).","artificial intelligence; automated code compliance checking; BIM object recognition; Building Information Modeling; industry foundation classes (IFC); visible property recognition","Architectural design; Automation; Codes (symbols); Compliance control; Automated code; Automated code compliance checking; Building information modeling object recognition; Building Information Modelling; Code compliance; Compliance checking; Industry foundation class; Objects recognition; Property; Visible property recognition; Object recognition"
"Zhou Y.-C.; Zheng Z.; Lin J.-R.; Lu X.-Z.","Zhou, Yu-Cheng (57208139536); Zheng, Zhe (57212455905); Lin, Jia-Rui (56703744700); Lu, Xin-Zheng (15728275900)","57208139536; 57212455905; 56703744700; 15728275900","Integrating NLP and context-free grammar for complex rule interpretation towards automated compliance checking","2022","https://www.scopus.com/inward/record.uri?eid=2-s2.0-85134665854&doi=10.1016%2fj.compind.2022.103746&partnerID=40&md5=f4e726b4c53489a08716a2303f5274f6","Automated rule checking (ARC) is expected to significantly promote the efficiency and compliance of design in the construction industry. The most vital and complex stage of ARC is interpreting the regulatory text into a computer-processable format. However, existing systems and studies of rule interpretation either require considerable time-consuming manual effort or are based on exhaustive enumerations of matching patterns with a limited scope of application. To address this problem, this research integrates natural language processing (NLP) and context-free grammar (CFG) to propose a novel generalized rule interpretation framework, which can parse regulatory text like a domain-specific language. First, a syntax tree structure with several semantic elements is proposed to represent the roles and relations of concepts in regulatory text. Second, a deep learning model with the transfer learning technique is utilized to label the semantic elements in a sentence. Finally, a set of CFGs is built to parse a labeled sentence into the language-independent tree structure, from which computable checking rules can be generated. Experimental results demonstrate that our method outperforms the state-of-the-art methods: it achieves 99.6% and 91.0% accuracies for parsing single- and multi-requirement sentences, respectively, where the multi-requirement sentences are more complex and common but difficult for existing methods to deal with. This research contributes a method and framework for rule interpretation with both a high level of automation and wide scope of application, which can create computable rules from various textual regulatory documents. This research also publishes the first regulation dataset for future exploration, validation, and benchmarking in the ARC area. © 2022 Elsevier B.V.","Automated compliance checking (ACC); Automated rule checking (ARC); Building information modeling (BIM); Context-free grammar; Natural language processing (NLP); Rule interpretation; Smart design; Syntax tree","Architectural design; Automation; Compliance control; Construction industry; Deep learning; Formal languages; Learning systems; Modeling languages; Natural language processing systems; Problem oriented languages; Semantics; Syntactics; Trees (mathematics); Automated compliance checking; Automated rule checking; Building information modeling; Building Information Modelling; Context-free grammars; Language processing; Natural language processing; Natural languages; Rule interpretation; Smart design; Syntax tree; Context free grammars"
"Patlakas P.; Christovasilis I.; Riparbelli L.; Cheung F.K.; Vakaj E.","Patlakas, Panagiotis (56192762300); Christovasilis, Ioannis (24765907600); Riparbelli, Lorenzo (57219273590); Cheung, Franco KT (7102329469); Vakaj, Edlira (57220182906)","56192762300; 24765907600; 57219273590; 7102329469; 57220182906","Semantic web-based automated compliance checking with integration of Finite Element analysis","2024","https://www.scopus.com/inward/record.uri?eid=2-s2.0-85187803383&doi=10.1016%2fj.aei.2024.102448&partnerID=40&md5=f9b9d1ef73042c85d90df781bba5a1c7","Automatic Compliance Checking (ACC) is a promising response to the challenges involved in meeting building and planning regulations, and increasingly utilised by researchers in the context of Building Information Modelling (BIM) and the Industry Foundation Classes (IFC). However, engineers often use computational methods, such as Finite Element Analysis (FEA), to solve challenging engineering problems. Such methods have received little attention in the context of ACC and BIM. The work presented here proposes a holistic approach, integrating FEA in the IFC schema, and utilising a Semantic Web-based system for ACC. A top-level ontology, the Building Compliance Ontology (BCO) is proposed, with the aim of covering all aspects of compliance in the Built Environment. One novelty of BCO is that it revolves around modelling statements in the building regulations, as opposed to the more common approach of modelling building components. In order to evaluate the effectiveness and applicability of this process, a real-world problem is used: the compliance to the structural engineering design codes of the structural members of a modular steel structure. An open-source solver is utilised for the FEA, and the IFC model is enriched with its results, using an open-source middleware for the Input/Output. BCO is extended to the field of structural engineering, and appropriate ACC classes and SHACL checks are implemented. Compliance is checked automatically by running SHACL scripts in a Semantic Web environment. © 2024 The Author(s)","Automatic Compliance Checking; Finite Element Analysis (FEA); Industry Foundation Classes (IFC); Semantic Web; Web Ontology Language (OWL)","Architectural design; Compliance control; Middleware; Ontology; Semantic Web; Structural design; Websites; Automatic compliance checking; Building regulations; Compliance checking; Finite element analyse; Industry foundation class; Ontology's; Semantic-Web; Web ontology language (OWL); Finite element method"
"Zhou Y.; Wang G.; Cao D.","Zhou, Yiwei (57221161448); Wang, Guangbin (55738637700); Cao, Dongping (36642300400)","57221161448; 55738637700; 36642300400","A review on BIM-based automated compliance checking; [基于BIM的自动合规性审查研究综述]","2024","https://www.scopus.com/inward/record.uri?eid=2-s2.0-85189856732&doi=10.15951%2fj.tmgcxb.22121210&partnerID=40&md5=c0861705dadace530245b299151c6276","With the deep application of building information modeling (BIM) technology in the construction field, an increasing number of architectural designs are expressed and delivered in the way of BIM models. BIM-based automated compliance checking (ACC) of architectural design has received more attention in both theory and practice because of its advantages in objectivity and efficiency. This paper reviews the existing studies on BIM-based ACC, and conducts a comprehensive search of related research papers in the core database of Web of Science. The existing studies are summarized from five aspects: basic framework of BIM-based ACC, information extraction of regulation provisions, BIM model data extraction and semantic enrichment, regulation-model information matching, and compliance reasoning. The future research trends in above fields are further discussed. Finally, the research points out that BIM-based ACC still faces huge challenges in the performance and depth of complex text information extraction, model semantic enrichment, the degree of automation and universality of information matching, and the transparency and flexibility of computer code. © 2024 Chinese Society of Civil Engineering. All rights reserved.","automated compliance checking; building information model; information extraction; information matching; semantic enrichment","Automation; Compliance control; Data mining; Information retrieval; Information theory; Semantics; Structural design; Automated compliance checking; Building Information Modelling; Construction fields; Information extraction; Information matching; Matchings; Model-based OPC; Modeling technology; Semantic enrichment; Theory and practice; Architectural design"
"Wu J.; Zhang J.; Debs L.","Wu, Jin (57202516292); Zhang, Jiansong (55358453700); Debs, Luciana (57201066716)","57202516292; 55358453700; 57201066716","Model Validation for Automated Building Code Compliance Checking","2022","https://www.scopus.com/inward/record.uri?eid=2-s2.0-85128948946&doi=10.1061%2f9780784483961.067&partnerID=40&md5=854588c1cfcfb8e20e548b22b90849d3","To allow full automation of building code compliance checking with different building design models and codes/regulations, input building design models need to be automatically validated. Automated architecture, engineering, and construction (AEC) object identification with high accuracy is essential for such validation. For example, in order to check egress requirements, exits of a building (and their presence or absence) need to be identified automatically through object identification. To address that, the authors propose a new AEC object identification algorithm that can identify needed code checking concepts from building design models based on the invariant signatures of AEC objects, which consisted of Cartesian points-based geometry, relative location and orientation, and material mechanical properties. Building design models in industry foundation classes (IFC) format are processed into invariant signatures, which can fully represent the model data and convert them into computable representations to support automated compliance reasoning. A systematic implementation of the above invariant signatures-based object identification algorithm can be used to automatically conduct building design model validation for code compliance checking preparation. An experimental testing on Chapters 4 and 8 of the International Building Code 2015 and a convenience store design model showed the model validation using the proposed identification algorithms successfully validated ceiling and interior door concepts. Comparing to the manual validation used in current practice, this new object identification algorithm is more efficient in supporting model validation for automated building code compliance checking. © 2022 ASCE.","","Automation; Codes (symbols); Compliance control; Data handling; Architecture engineering; Automated buildings; Building Code Compliance Checking; Building design; Code regulations; Design codes; Design models; Identification algorithms; Model validation; Object identification; Architectural design"
"Abdelalim A.M.; Elbeltagi E.E.; Abdelgawad M.","Abdelalim, Ahmed Mohammed (59000921400); Elbeltagi, Emad E. (6603265905); Abdelgawad, Mohamed (59152630700)","59000921400; 6603265905; 59152630700","Automated detection of building rules compliance using building information modelling","2024","https://www.scopus.com/inward/record.uri?eid=2-s2.0-85194948062&doi=10.1504%2fIJAMS.2024.138650&partnerID=40&md5=399bce0ee0e7e4b51f3ab0612c5f5f55","Issuance of buildings’ permits prior to construction is vital process which requires the design drawings to abide by the governing regulations. There is an increasing demand for maintaining the compliance process with accuracy, quality and timeliness. The responsibility is majorly done by governmental authorities manually in many countries worldwide, having human errors, as well as wasting time and efforts. This paper presents an automated compliance checking model for residential buildings using building information modelling (BIM). The proposed model is carried out through interpretation of the building rules, rules-set creation, and the process of classifying architectural elements. Eventually, a compliance report is issued, whether pass or fail, in addition to identifying the non-compliance elements. A case study based on the Egyptian Construction Legislation was presented, 110 face-to-face interviews were conducted with experts to validate the model applicability. Results showed the model has positive impact and fade away the disadvantages of manual checking. Copyright © 2024 Inderscience Enterprises Ltd.","ACCCS; automated code compliance checking system; BIM; building information modelling; building permits; EDM; express data manager model checker; SMART-codes; SMC; Solibri model checker; the Unified Egyptian Building Law (No.119/ Year. 2008)",""
"Jiang L.; Shi J.; Wang C.","Jiang, Liu (57212383876); Shi, Jianyong (56394719500); Wang, Chaoyu (57213145784)","57212383876; 56394719500; 57213145784","Multi-ontology fusion and rule development to facilitate automated code compliance checking using BIM and rule-based reasoning","2022","https://www.scopus.com/inward/record.uri?eid=2-s2.0-85118842112&doi=10.1016%2fj.aei.2021.101449&partnerID=40&md5=f5cc48bab8237f87707e996302dbb37b","Code compliance checking plays a critical role that identifies substandard designs according to regulatory documents and promises the accuracy of the designs before construction. However, the traditional code compliance checking process relies heavily on human work. To help the users better understand the checking process, this study proposes a gray-box checking technique and a BIM-based (Building Information Modeling) automated code compliance checking methodology that leverages ontology. The proposed approach contains a code ontology, a designed model ontology, a merged ontology, a code compliance checking ontology, a set of mapping rules, and a set of checking rules. During the checking process, the ontologies provide knowledge bases, and the rules provide necessary logic. A five-step roadmap is proposed for code ontology development for domain experts. For the time being, pre-processing is applied to create the designed model ontology to achieve time saving. Next, an ontology mapping procedure between the code and the designed model ontology is executed to obtain the merged ontology. In the ontology mapping procedure, the mapping rules aim to mitigate the semantic ambiguity between design information and regulatory information and enrich building information's semantics. Subsequently, rule-based reasoning is applied based on the checking rules and the merged ontology for checking reports generation. Finally, according to Chinese building codes, an automated code compliance checking platform is implemented for real construction projects to validate the proposed methodology. © 2021 Elsevier Ltd","Automated compliance checking; Building information modeling; Chinese building codes; Ontology; Rule-based reasoning","Architectural design; Automation; Compliance control; Mapping; Mergers and acquisitions; Ontology; Regulatory compliance; Automated code; Automated compliance checking; Building Information Modelling; Chinese building code; Code compliance; Compliance checking; Designed models; Mapping rules; Ontology's; Rule-based reasoning; Semantics"
"Liu H.; Gao G.; Zhang H.; Liu Y.-S.; Song Y.; Gu M.","Liu, Han (56468215400); Gao, Ge (55484991700); Zhang, Hehua (14053286000); Liu, Yu-Shen (26424662000); Song, Yan (57219497791); Gu, Ming (57202891851)","56468215400; 55484991700; 14053286000; 26424662000; 57219497791; 57202891851","MVDLite: A fast validation algorithm for Model View Definition rules","2023","https://www.scopus.com/inward/record.uri?eid=2-s2.0-85168420708&doi=10.1016%2fj.aei.2023.102132&partnerID=40&md5=b2933e9b0ec2c8b36dcf79686c87fdd4","Model View Definition (MVD) is the mainstream method for formally representing the knowledge about the data exchange of building information models (BIMs). The MVD ruleset can be used in automatically validating the compliance of the BIM data against the exchange requirements and rule constraints. At present, MVD validation is performed with the “matching-checking” process according to the data structure templates and the rule statements respectively. However, there are redundant visit of edges and nodes in a process with separated subgraph matching and value checking, and the efficiency of MVD validation on large real-world models is still a challenge. In this paper, the MVDLite algorithm is proposed for the fast validation of MVD rules. By integrating the separated templates and statements into a “rule-chain” structure, a fast round-trip searching can be performed, which remarkably speeds up the MVD validation in the experiments. Discussions on the complexity of the MVD validation algorithms and the applicable scope of the proposed algorithm are also provided, which intends to bring some new ideas to the community about the future evolution of the MVD technology. © 2023","Automated compliance checking; Building Information Model (BIM); Industry Fundamental Classes (IFC); Model View Definition (MVD)","Architectural design; Compliance control; Information theory; Knowledge management; Automated compliance checking; Building information model; Building Information Modelling; Industry fundamental class; Matchings; Model view definition; Modeling data; Real-world modeling; Structure templates; Subgraph matching; Electronic data interchange"
"Lee J.-K.; Cho K.; Choi H.; Choi S.; Kim S.; Cha S.H.","Lee, Jin-Kook (57201264374); Cho, Kyunghyun (58294271500); Choi, Hyeokjin (57375166300); Choi, Soohyung (35113057800); Kim, Sumin (8542733000); Cha, Seung Hyun (56555854500)","57201264374; 58294271500; 57375166300; 35113057800; 8542733000; 56555854500","High-level implementable methods for automated building code compliance checking","2023","https://www.scopus.com/inward/record.uri?eid=2-s2.0-85160565771&doi=10.1016%2fj.dibe.2023.100174&partnerID=40&md5=611ccc17bfa2b82f5f3eecfbb4dee580","This paper presents an approach for defining high-level implementable methods to improve their low-level rule-checking procedures. This is part of an effort to develop challenging building information modeling (BIM)-enabled applications for building permits through automated code compliance checking. The main approach described here aims to alleviate the time-consuming and error-prone tasks of translating natural language into explicitly defined rules. An explicit expression of design requirements is key to building projects involving collaboration between architects, code experts, and developers. To maximize the generalization, neutralization, and reusability of the given rules in natural (written) language, we propose a series of high-level implementable computer programming methods (operators); these can be beneficial for translating verb phrases in building act sentences with minimal ambiguity as well as representing the peculiar properties of building objects without conflicts. Lastly, we demonstrate its application in code compliance checking by employing KBimCode and the developed rule-checking software. © 2023 The Authors","Automated building code compliance checking; Building information modeling (BIM); Building permit; High-level method; Implementable method","Application programs; Architectural design; Automation; Compliance control; Information theory; Reusability; Translation (languages); Automated building code compliance checking; Automated buildings; Building Code Compliance Checking; Building information modeling; Building Information Modelling; Building permits; Code compliance; Compliance checking; High-level methods; Implementable method; High level languages"
"Qi B.; Costin A.","Qi, Bing (59867288600); Costin, Aaron (55200193500)","59867288600; 55200193500","BIM and Ontology-Based DfMA Framework for Prefabricated Component","2023","https://www.scopus.com/inward/record.uri?eid=2-s2.0-85149218618&doi=10.3390%2fbuildings13020394&partnerID=40&md5=2d1dd4f40f368a49e0beb4747e4007d1","The integration of Design for Manufacture and Assembly (DfMA) into the design process of industrialized construction has the potential to reduce errors and changes occurring after the design has been finalized, ultimately improving overall productivity. Based on DfMA, the designers would need to consider whether their designs meet the architectural and performance requirements, as well as the manufacturing and assembly requirements from assembly and manufacturing technicians. However, some limitations present challenges for DfMA-oriented prefabricated design, such as lack of information interoperability, lack of conflict detection and management, and inefficient data processing and requirement checking. Thus, this research presents a novel BIM and ontology-based framework for DfMA of prefabricated and modular components. Various types of algorithms, plugins, and programming are also integrated to support the operation of the framework. The primary functions of this framework include: (1) collection of various stakeholder requirements in a standardized data format; (2) conflict detection and resolution between the design, manufacturing, and assembly requirements; and (3) automated compliance checking of whether the designed BIM models meet DfMA requirements. This research applies the framework on a prefabricated hotel project as a case study to validate the feasibility of the framework. Based on the results of a user experience survey, the developed framework shows promise for improving the DfMA process and stakeholder communication. Although a few limitations were encountered, such as the low computer operating speed and the limited ontology, the framework has been validated and shows great potential in advancing prefabricated component design applications © 2023 by the authors.","BIM; DfMA; ontology; prefabricated components",""
"Lee C.; Yeo K.; Dritsas S.","Lee, Cheryl (59185473400); Yeo, Khystelle (59185322000); Dritsas, Stylianos (55132205400)","59185473400; 59185322000; 55132205400","BIM-ENABLED REGULATORY DESIGN RULE CHECKING FOR BUILDING CIRCULATION","2024","https://www.scopus.com/inward/record.uri?eid=2-s2.0-85193018264&doi=10.52842%2fconf.caadria.2021.1.211&partnerID=40&md5=a4b2b0614fbe81ee80ede03e24dd14d5","Automated design rule checking (RDC) in Building Information Modelling (BIM) can be challenging especially when dealing with qualitative aspects and intricate regulations like building circulation. The study proposes a novel method for Regulatory Design Rule Checking (RDRC) for building circulation, addressing challenges in translating regulations to computational constructs and extracting relevant information from complex BIM models. Through a tiered compliance assessment, the investigation considers preventive rule-based checks for doors and corridors and explores constraint-based regulatory incentive schemes such as through-block pedestrian links (TBPL). The RDRC analysis identifies non-compliance and concludes with a recommendation for potential adjustments. This work aims to benefit designers and regulators, providing productivity enhancements and a deeper understanding of regulatory intricacies in the context of building circulation. © 2024 and published by the Association for Computer-Aided Architectural Design Research in Asia (CAADRIA), Hong Kong.","Building circulation; Building Information Modelling; Design Rule Checking; Network analysis","Compliance control; Information theory; Regulatory compliance; Automated design; Building circulation; Building Information Modelling; Complex buildings; Compliance assessments; Design rule checking; In-buildings; Novel methods; Qualitative aspects; Rule based; Architectural design"
"Wang Y.; Liu Y.; Cai H.; Wang J.; Zhou X.","Wang, Yukang (58451556600); Liu, Yue (58627295500); Cai, Haozhe (58627838500); Wang, Jia (55910123100); Zhou, Xiaoping (55803229800)","58451556600; 58627295500; 58627838500; 55910123100; 55803229800","An Automated Fire Code Compliance Checking Jointly Using Building Information Models and Natural Language Processing","2023","https://www.scopus.com/inward/record.uri?eid=2-s2.0-85172932608&doi=10.3390%2ffire6090358&partnerID=40&md5=2d0bcfdbe9dca5f9f680c7519d0f66bd","Fire checking is indispensable for guaranteeing the fire safety of buildings as it reviews the compliance of the building with fire codes and regulations. Automated Compliance Checking (ACC) systems that check building data utilizing Building Information Modeling (BIM) against fire codes have emerged as an active field of research. Substantial efforts have focused on analyzing the properties of the building components. However, the analysis of the spatial geometric relationships of building components has received inadequate attention. The present study proposes a novel ACC system leveraging Natural Language Processing (NLP) techniques to review the spatial geometric relationships of building components in BIM models. First, a framework for a BIM-based ACC system is delineated and decomposes ACC into three constituent subtasks: building model parsing, code knowledge translation, and compliance check result reporting. Second, an approach for structured processing of spatial geometric stipulations in fire codes using NLP is presented to review the geometric relationships between components in building models. Finally, the system’s performance is assessed by testing fire code compliance across various building types utilizing BIM models. The empirical findings demonstrate that the system achieves superior recall compared with the manually formulated gold standard, with the ACC system enabling quick, accurate, and comprehensive automated compliance checking. © 2023 by the authors.","automated compliance checking (ACC); building information modeling (BIM); fire safety; natural language processing (NLP); spatial geometry checking",""
"Rausch C.; Talebi S.; Poshdar M.; Li B.; Schultz C.","Rausch, Christopher (57191860637); Talebi, Saeed (57192008778); Poshdar, Mani (56027716900); Li, Beidi (57211096430); Schultz, Carl (17435671800)","57191860637; 57192008778; 56027716900; 57211096430; 17435671800","Tolerance management domain model for semantic enrichment of BIMs","2022","https://www.scopus.com/inward/record.uri?eid=2-s2.0-85132218183&doi=10.1016%2fj.autcon.2022.104394&partnerID=40&md5=1f19fb2bea78cd4d1fcc9e325c5a9d69","Dimensional variability of components and assemblies in construction can lead to significant defects, rework, and project risk if not managed effectively. Given the complexity of using tolerance management to control dimensional variability, an automated BIM-based approach is highly propitious, while currently elusive. This paper develops the first iteration of a domain model for tolerance management (ToleranceDM) using two case study examples within the domain of building construction. The results are shown to (1) consolidate the scattered, disparate existing “knowledge” and research on tolerance management into a single standardised, uniform framework, and (2) formalise this knowledge so that it can be unambiguously interpreted and parsed into software systems for automated tolerance management in construction. ToleranceDM functions as a key step towards benchmarking process capabilities, computing tolerance compliance automatically, and enabling in-field communication of tolerance requirements. Future research should explore case studies in different construction domains, along with developing an improved abduction framework and integrating as-built project data for tolerance compliance checking. © 2022 Elsevier B.V.","Building information model; Dependency structure matrix; Domain model; Risk management; Tolerance analysis; Tolerance management","Architectural design; Compliance control; Information management; Risk analysis; Risk assessment; Risk management; Semantics; Building Information Modelling; Case-studies; Dependency structure matrixes; Domain model; Management domains; Project risk; Risks management; Semantic enrichment; Tolerance analysis; Tolerance management; Fits and tolerances"
"Wu J.; Zhang J.","Wu, Jin (57202516292); Zhang, Jiansong (55358453700)","57202516292; 55358453700","Model Validation Using Invariant Signatures and Logic-Based Inference for Automated Building Code Compliance Checking","2022","https://www.scopus.com/inward/record.uri?eid=2-s2.0-85124805338&doi=10.1061%2f%28ASCE%29CP.1943-5487.0001002&partnerID=40&md5=dad432155129d0778c65106b374af5e7","Fully automated building code compliance checking (ACC) requires accurate information extraction from both building information models (BIMs) and building code chapters, and equally (if not more) importantly, a precise matching between the two. Although research on information extraction has been extensively conducted for ACC, there is a lack of investigation of automated and practical information mapping between the extracted information, from BIMs to building code requirements. To address this gap, the authors proposed a new method for BIM model validation to validate an input Industry Foundation Classes (IFC) model with regard to building code concepts. This validation method was supported by creating invariant signatures of architecture, engineering, and construction (AEC) objects that capture the geometric nature of the objects. Target concepts from building codes are classified into four categories: (1) explicit concepts, (2) inferable concepts, (3) user-assisted concepts, and (4) system defaults. Identification algorithms are developed for all four categories based on the invariant signatures of AEC objects. An experiment was conducted to test the proposed method on validating five real commercial project models with selected concepts from a current building code. Compared with a manually developed gold standard, 99.8% precision and 99.6% recall were achieved. This demonstrates that the proposed method is promising in supporting information matching between BIMs and building code concepts for ACC purpose.  © 2022 American Society of Civil Engineers.","","Automation; Building codes; Codes (symbols); Compliance control; Information retrieval; Architecture engineering; Automated buildings; Building Code Compliance Checking; Building Information Modelling; Class models; Code requirements; Fully automated; Information mapping; Matchings; Model validation; Architectural design"
"Noardo F.; Wu T.; Arroyo Ohori K.; Krijnen T.; Stoter J.","Noardo, Francesca (56768224100); Wu, Teng (57219305031); Arroyo Ohori, Ken (57217484895); Krijnen, Thomas (56938788000); Stoter, Jantien (6507159121)","56768224100; 57219305031; 57217484895; 56938788000; 6507159121","IFC models for semi-automating common planning checks for building permits","2022","https://www.scopus.com/inward/record.uri?eid=2-s2.0-85121129840&doi=10.1016%2fj.autcon.2021.104097&partnerID=40&md5=9041266e957175d5e3f8090f0d03557a","To support building permit issuing with automatic digital tools, the reuse of models produced by designers would make the process quicker and more objective. However, current studies and pilots often leave a gap with respect to the models as actually provided by architects, having varying quality and content. In this study, rather than taking a top down approach, we started from the available data and made the necessary inferences, which gave the opportunity to tackle basic and common issues often preventing smooth automatic processing. Specific characteristics of the IFC models were outlined and a tool was developed to extract the necessary information from them to check representative regulations. While the case study is specific in location, regulations and input models, the type of issues encountered are a generally applicable example for automated code compliance checking. This represents a solid base for future works towards the automation of building permits issuing. © 2021 The Authors","BIM; Building information modeling; Data quality; Digital building permit; Industry foundation classes; Urban planning compliance","Compliance control; Digital devices; 'current; BIM; Building Information Modelling; Building permits; Data quality; Digital building permit; Digital tools; Industry foundation class; Reuse; Urban planning compliance; Architectural design"
"Peng J.; Liu X.","Peng, Junlong (57224322063); Liu, Xiangjun (57955382300)","57224322063; 57955382300","Automated code compliance checking research based on BIM and knowledge graph","2023","https://www.scopus.com/inward/record.uri?eid=2-s2.0-85158958863&doi=10.1038%2fs41598-023-34342-1&partnerID=40&md5=8d38a8a1b0f4d46a0b0f7bfe0faed291","Automated code compliance checking plays an important role in moving the construction industry forward. While traditional drawing review relies on the identification of industry experts, the purpose of this study is to realize automatic code review by using BIM technology and knowledge graph technology. The method is based on knowledge graph to transform the specification provisions involved in the review of drawings into a computer-recognizable structured language using natural language processing technology to form a human–machine-readable knowledge graph pattern. For the review of BIM models, the BIM model information is exported and the global resource description framework of the building model is obtained in protégé, and the review report is finally obtained after mapping rules and review rules. Finally, the feasibility of the method is verified by an example. This study can effectively solve the problems of “manual dependency” and “inefficiency” in the process of review. © 2023, The Author(s).","",""
"Paskoff C.; Boton C.; Blanchet P.","Paskoff, Chloé (58411939400); Boton, Conrad (37017251600); Blanchet, Pierre (7102260600)","58411939400; 37017251600; 7102260600","Comparative Analyses of Four BIM-Based Compliance Checking Tools","2024","https://www.scopus.com/inward/record.uri?eid=2-s2.0-85214142513&doi=10.1007%2f978-3-031-61503-0_34&partnerID=40&md5=3c93838b4e1f3f766678c6e14d73184f","In much of the world, digital tools are already being used in industry for the everyday process of work, leading to better productivity and quality. But, according to recent studies, the architecture engineering and construction industry is lagging behind in this move to digital processes. Very few construction operations have been automated, and productivity in the construction industry is still low in 2022. However, several digital approaches and tools have been developed for the construction industry in the last few decades. Among them, the building information modeling (BIM) approach has the potential to significantly improve processes in the construction industry. BIM uses a multidimensional digital mock-up to document and simulate the design, construction, and operation of a built asset. Automatic code compliance checking is one of the many proposed BIM uses. It is defined as “a process in which code validation software is used to check the model parameters against project-specific codes.” While several software systems have been proposed, the existing tools are not yet commonly used and it is still difficult for end users to select the one most suited to their needs. As observed, there is a lack of studies comparing and assessing the verification tools available in today's software market. We aim to compare the four main commercially available digital verification tools. Two comparisons were conducted. In the first one, each tool was reviewed according to some desired functionalities based on criteria summarized in three categories: features, interoperability, and usability. In the second one, we studied the whole rule-checking process in detail. The results suggest that Navisworks offers interesting functionalities for reviewing collision issues and to inspect the inner view of a mock-up (walk-through). Due to its large rule library, Solibri Model Checker is well suited to assess a global mockup; nevertheless, it may be limited because its rule customization is restricted. On the contrary, both visual programming tools—Dynamo and Grasshopper—offer a broad possibility for rule checking due to the customization available to create their own rules, but there is a long learning code to master coding in visual programming. © Canadian Society for Civil Engineering 2024.","Building information modeling; Code compliance checking; Comparative analysis; Digital mockup; Rule checking","Building Information Model; Project management; Building Information Modelling; Code compliance; Code compliance checking; Comparative analyzes; Compliance checking; Digital Mock-up; Model use; Rule checking; Verification tools; Visual programming; Mockups"
"Nuyts E.; Bonduel M.; Verstraeten R.","Nuyts, Emma (58869876000); Bonduel, Mathias (57203372641); Verstraeten, Ruben (36661505300)","58869876000; 57203372641; 36661505300","Comparative analysis of approaches for automated compliance checking of construction data","2024","https://www.scopus.com/inward/record.uri?eid=2-s2.0-85186411618&doi=10.1016%2fj.aei.2024.102443&partnerID=40&md5=8801a28dcb3d46d54b1114ee383e5a33","While the domain of Automated Compliance Checking (ACC) has gained track, the construction industry has been flooded with different approaches. This paper studies these different approaches for use in compliance checking of construction data. The approaches are compared by defining constraints for the same set of five requirements, each of a different category, stemming from the Flemish building regulation on accessibility. Eight approaches have been selected for comparison: two IFC-based approaches (Solibri Model Checker and the upcoming buildingSMART standard IDS), two general data standards and their accompanying schema definition languages (JSON Schema and XSD), and four Linked Data approaches (OWL, SWRL, SPARQL, and SHACL). Besides the pure functional analysis, the relative uptake and support in tooling are also considered. While XML/XSD and JSON/JSON Schema and the Linked Data approaches are in essence domain-independent, only the latter has an extra layer for agreeing on high-level data modeling (and thus data validation) patterns in the construction domain with the EN17632-1:2022 standard. SHACL is considered the most adept method from the Linked Data approaches since it is fully standardized for both inputs and outputs and was developed for validation use cases. © 2024 The Authors","Automated compliance checking; Building information management; Comparative analysis","Automation; Compliance control; Construction industry; Linked data; Model checking; Network security; Automated compliance checking; Building information management; Building regulations; Comparative analyzes; Compliance checking; Construction data; Data standards; Domain independents; Linked data approaches; Model checker; Information management"
"Beach T.; Yeung J.; Nisbet N.; Rezgui Y.","Beach, Thomas (36124728000); Yeung, Jonathan (57337926200); Nisbet, Nicholas (55295289300); Rezgui, Yacine (6701829347)","36124728000; 57337926200; 55295289300; 6701829347","Digital approaches to construction compliance checking: Validating the suitability of an ecosystem approach to compliance checking","2024","https://www.scopus.com/inward/record.uri?eid=2-s2.0-85178233438&doi=10.1016%2fj.aei.2023.102288&partnerID=40&md5=2e5cee696cc16cf1ccd0620e3e6dca8d","The lifecycle of the built environment is governed by complex regulations, requirements and standards. Ensuring compliance against these requirements is a complicated process, affecting the entire supply chain and often incurring significant costs, delay and uncertainty. Many of the processes, and elements within these processes, are formalised and supported by varying levels of digitisation and automation. This ranges from energy simulation, geometric checking, to building information modelling based checking. However, there are currently no unifying standards or integrating technology to tie regulatory efforts together to enable the widespread adoption of automated compliance processes. This has left many current technical approaches, while advanced and robust, isolated. However, the increasing maturity of asset datasets/information models, means that integration of data/tools is now feasible. This paper will propose and validate a new approach of solving the problem of automated compliance checking through the use of an ecosystem of compliance checking services. This work has identified a clear research gap. How automated compliance checking in the construction sector can move beyond sole reliance on BIM data, and tightly coupled integration with software tools, to provide an extensible enough system to integrate the current isolated software elements currently used within compliance checking processes. To test this approach, an architecture for an ecosystem of compliance services will be specified. To validate this architecture, a prototype version will be developed and validated against requirements derived from the weaknesses of current approaches. This validation has found that a distributed ecosystem can perform accurately and successfully, whilst providing advantages in terms of scalability and extensibility. This approach provides a route to the increased adoption of automated compliance checking, overcoming the issues of relying on one computer system/application to perform all aspects of this process. © 2023 The Author(s)","Automation compliance checking; Building permitting; Digitisation","Architectural design; Automation; Compliance control; Computer aided software engineering; Construction industry; Data integration; Ecosystems; Integration; Life cycle; Regulatory compliance; 'current; Automated compliance checking; Automation compliance checking; Building permitting; Built environment; Complex regulation; Compliance checking; Digitisation; Ecosystem approach; Uncertainty; Supply chains"
"Khattra S.K.; Singh J.; Rai H.S.","Khattra, Satinder Kaur (57218794225); Singh, Jagbir (57213875596); Rai, Hardeep Singh (56236850700)","57218794225; 57213875596; 56236850700","A Statistical Review to Study the Structural Stability of Buildings Using Building Information Modelling","2022","https://www.scopus.com/inward/record.uri?eid=2-s2.0-85118558239&doi=10.1007%2fs11831-021-09677-5&partnerID=40&md5=571de6efefa147b64e84a4e80a959795","Building Information Modelling is the revolution in the AEC industry. In the Architectural, Engineering, and Construction (AEC) industry, numerous interesting innovations are being introduced. The various technologies like Virtual Reality and Augmented Reality with BIM various researchers are doing their experiment to link these technologies. This paper reviews the Building Information Modelling for checking the building codes and it explicates the automatic building code compliance method. Design automation is the important process that catches the attention of many researchers and experts of the AEC industry and the initiation of code compliance in BIM is one of the essential factors for its accomplishment. This review also explains this Industry Foundation Classes and its importance of IFC in Building Information Modelling. In the BIM industry, Industry Foundation Classes is a major advancement it improves the collaboration among various BIM software, improves code testing system and it improves the data exchange methods. Reside in a structured surrounding built by some rules and regulations to safeguard life and safety. The builders ensure that the necessary design tests have been passed for all aspects of their proposed construction design. The design is approved after the modifications and mandatory revisions. The monotonous task is checking to build code rules, verifying the code compliance based on the country’s building code design, and carrying out possible faults in design, and then making the required reconsiderations. The unwanted problems can be eliminated by the automated building code compliance system. This goal can be achieved by compiling the BIM model with a coding rule base engine that can save a particular country’s design code with its clauses. © 2021, CIMNE, Barcelona, Spain.","","Augmented reality; Codes (symbols); Compliance control; Computer aided design; Electronic data interchange; Software testing; Stability; Virtual reality; Architectural construction; Architectural engineering; Automatic buildings; Building Information Modelling; Code compliance; Compliance method; Design automations; Statistical reviews; Structural stabilities; Various technologies; Architectural design"
"Kruiper R.; Konstas I.; Gray A.J.G.; Sadeghineko F.; Watson R.; Kumar B.","Kruiper, Ruben (57190286321); Konstas, Ioannis (35229595400); Gray, Alasdair J.G. (25521946600); Sadeghineko, Farhad (57202646867); Watson, Richard (57310432300); Kumar, Bimal (7401973035)","57190286321; 35229595400; 25521946600; 57202646867; 57310432300; 7401973035","Taking stock: a Linked Data inventory of Compliance Checking terms derived from Building Regulations","2023","https://www.scopus.com/inward/record.uri?eid=2-s2.0-85184371677&partnerID=40&md5=a796baf9b4b706cfd10cb858b56cf9a9","Compliance Checking (CC) would be a lot easier if we could automatically map between (1) terms that occur in building regulations and (2) elements of buildings and building products. However, the terminology used in the regulations is vastly different from the terminology found in Building Information Models (BIM). We are therefore forced to somehow shoehorn the vocabulary of regulatory terms into a set of classes that may well be several orders of magnitude smaller. This paper aims to reduce the gap between terms found verbatim in the regulations, and the classes that exist in Linked Data Vocabularies in Architecture and Construction. We explore the automated extraction of domain terminology from building regulations, and interlink the resulting terms with existing controlled vocabularies like Uniclass. The resulting Knowledge Graph (KG) can be used to suggest relevant and related domain terminology, which improves collecting the inventory of Linked Data terms required for CC. © 2023 Copyright for this paper by its authors.","Automated Compliance Checking; Knowledge Graph; Linked Data; Natural Language Processing","Architectural design; Compliance control; Data handling; Knowledge graph; Linked data; Natural language processing systems; Automated compliance checking; Building products; Building regulations; Compliance checking; In-buildings; Knowledge graphs; Language processing; Linked datum; Natural language processing; Natural languages; Terminology"
"Zhang R.; El-Gohary N.","Zhang, Ruichuan (57202535962); El-Gohary, Nora (14519146500)","57202535962; 14519146500","Transformer-based approach for automated context-aware IFC-regulation semantic information alignment","2023","https://www.scopus.com/inward/record.uri?eid=2-s2.0-85141525848&doi=10.1016%2fj.autcon.2022.104540&partnerID=40&md5=db2768b7e96efcf09ae7c6ad09892ac8","One of the main challenges of automated compliance checking systems is aligning the semantics of the building information models (BIMs), in Industry Foundation Classes (IFC) format, and the semantics of the regulations, in natural language, to allow for checking the compliance of the BIM with the regulations. Existing information alignment methods typically require intensive manual effort and their ability to deal with the complex regulatory concepts in the regulations is limited. To address this gap, this paper proposes a deep learning method for IFC-regulation semantic information alignment. The proposed method uses a relation classification model to relate and align the IFC and regulatory concepts. The method uses a transformer-based model and leverages the definitions of the concepts and an IFC knowledge graph to provide additional contextual information and knowledge for improved classification and alignment. The proposed method was evaluated on IFC concepts from IFC 4 and regulatory concepts from different building codes and standards. The experimental results showed good information alignment performance. © 2022 Elsevier B.V.","Automated code checking; Building codes; Building information modeling; Deep learning; Industry foundation classes; Information alignment; Transformers","Alignment; Architectural design; Automation; Classification (of information); Compliance control; Deep learning; Learning systems; Regulatory compliance; Automated code; Automated code checking; Automated compliance checking; Building Information Modelling; Context-Aware; Deep learning; Industry foundation class; Information alignment; Semantics Information; Transformer; Semantics"
"Filardo M.M.; Debus P.; Melzner J.; Bargstädt H.-J.","Filardo, Martina Mellenthin (57338263000); Debus, Paul (57203915500); Melzner, Jürgen (55295902200); Bargstädt, Hans-Joachim (6504821739)","57338263000; 57203915500; 55295902200; 6504821739","Enhancing Information Requirement Compliance Through Automated Integration in a Modelling Environment","2024","https://www.scopus.com/inward/record.uri?eid=2-s2.0-85207159166&partnerID=40&md5=8a06782f7577d586d56e164936b7b863","Information requirements for project deliverables are a key component of the Building Information Modeling (BIM) method. Currently, they are defined mostly in a text-based manner with high-effort creation by the information receiver and high-effort interpretation by the information provider, making this process error-prone and highly inefficient. Developments to address the formal checking of project deliverables, such as the standards Information Delivery Specification (IDS) and Level of Information Need (LOIN), are ongoing. This paper proposes the integration of information requirements from standardization into a modelling environment. To that goal, an extension to a popular modelling environment (Archicad) was developed and tested with BIM professionals to validate its suitability for the proposed processual change (preponing the usage of information requirements to also cover the design and planning phase) as well as the coverage of the input information requirements (from LOIN and IDS XML-based files). Results show the successful integration of LOIN and IDS requirements into the modelling environment, their limitations for that use case, as well as feedback from BIM professionals. © 2024 Proceedings of the 31st International Workshop on Intelligent Computing in Engineering, EG-ICE 2024. All rights reserved.","","Natural environment; Building Information Modelling; Error prones; Formal checking; Information delivery; Information modeling method; Information provider; Information requirement; Modeling environments; Process errors; Standard information"
"Karmakar A.; Delhi V.S.K.","Karmakar, Ankan (57225184134); Delhi, Venkata Santosh Kumar (55358485100)","57225184134; 55358485100","Restructuring Elements in IFC Topology through Semantic Enrichment: A Case of Automated Compliance Checking","2023","https://www.scopus.com/inward/record.uri?eid=2-s2.0-85172886688&doi=10.22260%2fISARC2023%2f0062&partnerID=40&md5=c945cf9ad65b70900b82b300912531a8","The current trends exhibit that the construction industry is focusing on implementing the Building Information Model (BIM) to improve visual analyses, cost estimation, and information exchange. Though standards, requirements, and development control rules (DCR) govern the construction project lifecycle, only a few applications have been developed to investigate BIM’s capability in automated code compliance checking (ACCC). A significant amount of the existing application limits its checking capabilities to direct parameter values, easily extractable from a Building Information Model (BIM). On the other hand, a few clauses require implicit information to be extensively expressed in machine language for automated checking. Industry Foundation Classes (IFC) derived from BIM models lacks the relational connections of building elements required for extracting property values for automated checking. This study develops a model to restructure a topologically complex element relationship (i.e., sunshade projection width) in an IFC schema. Different categories of semantic enrichment tasks are performed for restructuring and to represent the required clause test values explicitly. The model’s performance was assessed on a test case concerning the clause requirements of the Unified Development Control and Promotion Regulations (UDCPR) code for Maharashtra, India. The compliance check method identified the sunshades in the developed model through simple if-then conditions. The method adopted in the study can be applied to similar code requirements to reduce the manual data preprocessing effort required from the architects and modelers, leading to enhanced penetration of ACCC in the industry. © ISARC 2023. All rights reserved.","Artificial Intelligence; Automatic Code Compliance Checking; Building Information Modeling; Industry Foundation Class; Semantic Enrichment","Architectural design; Cost estimating; Information theory; Life cycle; Semantics; Topology; 'current; Automated code; Automated compliance checking; Automatic code compliance checking; Automatic codes; Building Information Modelling; Code compliance; Compliance checking; Industry foundation class; Semantic enrichment; Construction industry"
"Nama E.A.; Alalawi A.","Nama, Entesar Al (58139241300); Alalawi, Adel (12759581600)","58139241300; 12759581600","The Adoption of Automated Building Code Compliance Checking Systems in the Architecture, Engineering, and Construction Industry","2023","https://www.scopus.com/inward/record.uri?eid=2-s2.0-85149904406&doi=10.1109%2fCyMaEn57228.2023.10050930&partnerID=40&md5=b3e224c1d1844aab145e821bf63980c7","Most Automated Compliance Checking (ACC) systems for building codes currently in use cannot fully translate building-code requirements into forms that can be processed by computers, especially when such requirements have complex semantic and syntactic structure hierarchies. Modern information extraction and transformation rules-based ACC approaches, capable of handling complicated requirements, are rigid when used with various regulatory documents. To assist the ACC systems' downstream responsibilities, like information matching and compliance reasoning, a flexible approach to automatically processing and interpreting requirements must therefore be developed. This study is based on previous relevant research and, despite being integrated based on the authors' knowledge from various based on disciplines, draws on previous research. Within the scope of this study, we looked into the history of issuing Building Permits (BPs) and the required process, technology, and rules to get the ball rolling on automating the process of checking compliance with building codes. Finally, based on the findings of the research, we defined the required steps to start automating the building code compliance checking system in the Kingdom of Bahrain. © 2023 IEEE.","AEC; automation of compliance checking; BIM-based code compliance; digital building permit; ifcOWL ontology; Kingdom of Bahrain.","Architectural design; Automation; Compliance control; Regulatory compliance; Semantics; Syntactics; AEC; Automation of compliance checking; BIM-based code compliance; Building permits; Code compliance; Compliance checking; Digital building permit; Ifcowl ontology; Kingdom of Bahrain; Kingdom of bahrain.; Ontology's; Construction industry"
"Eid A.S.; Aboulnaga M.M.; Mahmoud A.H.","Eid, A.S. (57206664329); Aboulnaga, M.M. (6603257280); Mahmoud, A.H. (36095988200)","57206664329; 6603257280; 36095988200","VPL-based Code Compliance Checking for Building Envelope Design Using OTTV Calculation","2022","https://www.scopus.com/inward/record.uri?eid=2-s2.0-85138192700&doi=10.1088%2f1755-1315%2f1056%2f1%2f012033&partnerID=40&md5=da15e10ea260e31f115dc81d8823ae67","Building Envelope plays a vital role in reducing thermal loads, minimizing energy consumption, and ensuring sustainability. The Overall Thermal Transfer Value (OTTV) is a recognized method to evaluate the thermal performance of buildings. Building Information Modelling (BIM) has added great value to the AEC industry as an efficient tool to facilitate the building design process. With the development of BIM, more properties and material characteristics are assigned to the project design and building model that are getting more complex. Meanwhile, performing OTTV assessment and checking compliance with the assigned values involving time-consuming calculations with the possibility of ambiguity. Hence, automation of the code compliance checking process has become on-demand within the BIM environment. The objective is to develop a Visual Programming Language (VPL)-based script for automating the OTTV rule-based code compliance checking process. The applied method is to integrate BIM, VPL, and OTTV requirements; and develop a visual script that is responsible for extracting parameters from the BIM model, performing OTTV calculation, comparing output with assigned standard values of OTTV aiming answering the research question whether automated code compliance checking process can contribute to code compliance facilitation effectively. The results indicate that integrating VPL into the code compliance checking process has promising signs in facilitating the compliance checking process, increasing the accuracy and reliability of outcomes. © Published under licence by IOP Publishing Ltd.","Building envelope; Building information modelling (BIM); code compliance checking (CCC); overall thermal transfer value (OTTV); visual programming language (VPL)",""
"Alnuzha M.; Bloch T.","Alnuzha, Maen (59319696800); Bloch, Tanya (57110172100)","59319696800; 57110172100","THE ROLE OF MACHINE LEARNING IN AUTOMATED CODE CHECKING – A SYSTEMATIC LITERATURE REVIEW","2025","https://www.scopus.com/inward/record.uri?eid=2-s2.0-85214644088&doi=10.36680%2fj.itcon.2025.002&partnerID=40&md5=41d68e268cfa2b5d8cdbdf6f14e4f646","SUMMARY: Building design must adhere to numerous codes, laws, and regulations. In practice, despite the available tools for Automated Code Checking (ACC) and the extensive research in the field, checking whether a given design complies with all relevant regulatory requirements remains a manual and time-consuming task. A comprehensive checking system that provides highly automated solutions for a wide range of regulations remains a distant goal. Recent studies have underscored the potential of engaging advanced technologies like Machine Learning (ML) and Natural Language Processing (NLP) to enhance ACC abilities. Hence, this work aims to review recent advancements in implementing ML technologies in code compliance checking, identify knowledge gaps, and suggest future research directions. By implementing a systematic literature review methodology, we identify three key research areas within the domain: processing regulatory text, processing design information, and an overall checking mechanism. Existing efforts explore each of these areas using a variety of ML algorithms to enhance their effectiveness. Despite the notable advancements, challenges persist due to the complexity of regulations, ambiguity of legal texts, and the scarcity of training data, all of which limit the scalability of the presented approaches. Additionally, while ML enhances flexibility by learning from data rather than relying on hardcoded rules, it introduces uncertainties in decision-making processes critical to building permitting. The review highlights the potential for hybrid approaches that combine the strengths of both rule-based systems and ML models to effectively address these challenges. © 2025 The author(s).","Automated Code Compliance; Building Information Modeling (BIM); Machine Learning (ML); Rule-based checking","Adversarial machine learning; Building codes; Contrastive Learning; Decision making; Federated learning; Natural language processing systems; Automated code; Automated code compliance; Building information modeling; Building Information Modelling; Code compliance; Machine learning; Machine-learning; Rule based; Rule-based checking; Systematic literature review; Building Information Model"
"Mateus R.J.G.; Pinto F.S.; Fauth J.; Azenha M.; Granja J.; Veludo R.; Muniz B.; Reis J.; Marques P.","Mateus, Ricardo J. G. (55628590600); Pinto, Francisco Silva (56457584500); Fauth, Judith (57481556400); Azenha, Miguel (57200948343); Granja, José (55214708700); Veludo, Ricardo (58602223100); Muniz, Bruno (58600559300); Reis, João (57969435800); Marques, Pedro (53863724400)","55628590600; 56457584500; 57481556400; 57200948343; 55214708700; 58602223100; 58600559300; 57969435800; 53863724400","Improving Regulations for Automated Design Checking Through Decision Analysis Good Practices: A Conceptual Application to the Construction Sector","2024","https://www.scopus.com/inward/record.uri?eid=2-s2.0-85171593299&doi=10.1007%2f978-3-031-38241-3_19&partnerID=40&md5=3e4f2f81fcf9d96c5d7e3f7fcd85650a","Automating regulations is difficult because they were not drafted for computers. This article suggests decision analysis good practices to structure, analyze and support regulation drafting, namely: structuring rules using a means-ends objectives network, identifying the level at which rules should be set, developing performance measures for each fundamental objective, setting compliance thresholds based on the respective upper-level objectives and trade-offs, and monitoring and adapting rules. The approach is illustrated and validated through its theoretical application to Portuguese rights to light regulation. It proposes specific performance-based metrics on three fundamental objectives from this regulation: direct sunlight; natural daylight; and solar energy. Climate-based daylight simulation methods coupled with Building Information Modeling (BIM) provide the breakthrough to develop better performance-based metrics, rules, and building design optimization. © 2024, The Author(s), under exclusive license to Springer Nature Switzerland AG.","Automation; Building Permit; Decision Analysis; Legal Drafting; Regulation","Architectural design; Construction industry; Decision making; Laws and legislation; Solar energy; Automated design; Building permits; Construction sectors; Design checking; Good practices; Legal drafting; Means ends; Performance based; Regulation; Structure analysis; Economic and social effects"
"Li S.; Jiang Z.; Xu Z.","Li, Sihao (57965413800); Jiang, Ziyang (59168819800); Xu, Zhao (56173458000)","57965413800; 59168819800; 56173458000","BIM-Based Model Checking: A Scientometric Analysis and Critical Review","2025","https://www.scopus.com/inward/record.uri?eid=2-s2.0-85214511258&doi=10.3390%2fapp15010049&partnerID=40&md5=04a86d28ba86b3b9e5fab699c9a33e5f","Building information modeling (BIM) has been widely applied throughout the entire lifecycle of projects in the architecture, engineering, and construction (AEC) industry. The errors in BIM models can lead to significant losses in engineering projects, thus leading to BIM-based model checking (BMC) technology garnering an increasing amount of attention. Despite numerous documents detailing the BMC process, there is a lack of systematic analysis and visualization of existing research. This study employs a combined approach of scientometric analysis and a critical review to survey articles on BMC published from 2008 to 2024 in the Web of Science (WOS) and Scopus databases. The scientific analysis objectively presents the status and evolution of this research field through quantitative data, including publications, authors, and references. Furthermore, the critical review is employed to analyze the content of the articles, summarizing the topics and challenges of current research. Finally, potential promising directions for future development are proposed. © 2024 by the authors.","automated compliance checking; building information modeling (BIM); critical review; industry foundation classes (IFC); scientometrics","Life cycle; Reviews; Automated compliance checking; Building information modeling; Building Information Modelling; Critical review; Entire life cycles; Industry foundation class; Model-based OPC; Models checking; Scientometric analysis; Scientometrics; Building Information Model"
"Doukari O.; Greenwood D.; Rogage K.; Kassem M.","Doukari, Omar (24490961200); Greenwood, David (15051823600); Rogage, Kay (57191578883); Kassem, Mohamad (37089116600)","24490961200; 15051823600; 57191578883; 37089116600","OBJECT-CENTRED AUTOMATED COMPLIANCE CHECKING: A NOVEL, BOTTOM-UP APPROACH","2022","https://www.scopus.com/inward/record.uri?eid=2-s2.0-85133872631&doi=10.36680%2fj.itcon.2022.017&partnerID=40&md5=cc6331d89e11d4575c80ce121fd13dae","Building Information Modelling (BIM) is changing how built assets are delivered and operated. A built asset is represented as a set of objects, each with an identity, attributes, and relations. This object-oriented nature enables new approaches for ensuring compliance with a range of requirements: e.g. industry guidelines; project and client-specific requirements; and building codes and standards. Furthermore, bottom-up design approaches are known to be more suitable for quality control and design errors detection. Based on an adapted version of simulated annealing concept, this paper proposes an automated compliance checking classification and identifies a set of desired characteristics these methods should fulfil. It then demonstrates a bottom-up object-centred approach for automated model checking and the corresponding plugin prototype. The approach and the prototype enable four key processes and satisfy all desired characteristics of compliance checking methods including content validation, model completeness, smart object, and design option checking. To demonstrate the feasibility and accuracy of the approach, two case studies are processed using existing BIM objects libraries one of which is created by a major French manufacturer. All four steps were successfully completed, and the results show savings of around 125 minutes per object between the automated approach and traditional manual methods of working. © 2022 The author(s).","Artificial Intelligence; Automation; BIM; Case study; Compliance Checking; Model Checking; Simulated Annealing Optimisation","Architectural design; Automation; Building codes; Codes (symbols); Regulatory compliance; Simulated annealing; Structural design; Automated compliance checking; Bottom up approach; Building Information Modelling; Case-studies; Compliance checking; Industry guidelines; Models checking; New approaches; Object oriented; Simulated annealing optimization; Compliance control"
"Gao H.; Zhong B.; Luo H.; Chen W.","Gao, Han (57211134450); Zhong, Botao (23975246400); Luo, Hanbin (23976309500); Chen, Weiya (57204790270)","57211134450; 23975246400; 23976309500; 57204790270","Computational Geometric Approach for BIM Semantic Enrichment to Support Automated Underground Garage Compliance Checking","2022","https://www.scopus.com/inward/record.uri?eid=2-s2.0-85119085596&doi=10.1061%2f%28ASCE%29CO.1943-7862.0002230&partnerID=40&md5=836c0dc23184ff9a14f1995e46112374","The need for manual semantic annotation to domain-specific building information modeling (BIM) models limits the application of BIM technology in various architecture, engineering, and construction fields. BIM semantic enrichment refers to a procedure that can identify missing information and improve interoperability across different applications. The need for semantic enrichment of BIM models is often emphasized in the literature; however, few studies have shown the potential of semantic enrichment approaches in dealing with problems in real-world cases. To provide an empirical demonstration in the practice, an example of BIM semantic enrichment for supporting underground garage compliance checking is selected as a case study. Geometric reasoning is one of the effective approaches to enhance semantic information in BIM models to support real-world applications. In this study, a computational geometric approach is developed to demonstrate how geometric information can be extracted and used to infer missing semantics in underground garage BIM models. A prototype system is developed, and real underground garage BIM models are used to validate the effectiveness of the proposed approach. The contribution of this study is that it provides the detailed implementation of performing geometric reasoning to enhance BIM semantics in real-world cases. Additionally, the findings of this case study show that the proposed computational geometric approach has the potential to enhance the semantics of BIM models to support decision making in real-world engineering problems, and the developed algorithms can be used to automate the compliance checking process of the underground garage. © 2021 American Society of Civil Engineers.","Building information modeling; Compliance checking; Computational geometry; Semantic enrichment; Underground garage","Compliance control; Computational geometry; Decision making; Information theory; Semantics; Building Information Modelling; Case-studies; Compliance checking; Computational geometric; Geometric approaches; Geometric reasoning; Model semantics; Real-world; Semantic enrichment; Underground garages; Architectural design"
"Dritsas S.; Yeo K.; Lee C.","Dritsas, Stylianos (55132205400); Yeo, Khystelle (59185322000); Lee, Cheryl (59185473400)","55132205400; 59185322000; 59185473400","EXTRACTING SPATIAL STRUCTURE FROM BUILDING INFORMATION MODELS","2024","https://www.scopus.com/inward/record.uri?eid=2-s2.0-85196761737&partnerID=40&md5=206ecddb07e7298542c4520a7eef0b3e","The objective of this work is to automatically extract the spatial structure from Building Information Models for subsequently performing building circulatory analysis and regulatory building code compliance checking. This article presents the model comprehension methods employed, the challenges faced, and the solutions developed. We highlight the conceptual and technical limitations of current BIM paradigms and discuss how they may be improved. © 2024 and published by the Association for Computer-Aided Architectural Design Research in Asia (CAADRIA), Hong Kong.","Automated Extraction; Building Information Modelling; Spatial Structure","Compliance control; Information theory; Regulatory compliance; 'current; Automated extraction; Building Code Compliance Checking; Building Information Modelling; Spatial structure; Technical limitations; Architectural design"
"Jovanovic L.; Meng L.; Doherty B.; Gardner N.; Hank Haeusler M.; Daniel Yu K.","Jovanovic, Luka (57915668800); Meng, Leo (59592073000); Doherty, Ben (55659211100); Gardner, Nicole (55584213800); Hank Haeusler, M. (57207538867); Daniel Yu, K. (57575428600)","57915668800; 59592073000; 55659211100; 55584213800; 57207538867; 57575428600","Automated Code Compliance Checking: A computational workflow for verifying model, parameter and regulatory compliance","2022","https://www.scopus.com/inward/record.uri?eid=2-s2.0-85139178921&partnerID=40&md5=15d6a8b84aa59fe3584cf2ed364735fb","Building Code Compliance Checking (CCC) is a necessary part of the design process in the Architecture, Engineering and Construction (AEC) industry that is typically time consuming. Existing Automated Code Compliance Checking (ACCC) solutions can be considered as ‘Blackbox’ and are often location specific. Using action research methodology this research develops the design of the computational workflow led by an ‘informed research participant’ – an industry partner – who has knowledge of the problem. All to create a visible and customizable script to evaluate model compliance as well as CCC results. The research outcomes demonstrate a promising compliance checking computational workflow method that could be applied to a range of building codes and standards and contributes to building the AEC industry’s confidence in workflow automation to drive more productive and sustainable ways of working. This investigation, its proposed hypothesis, methodology, implications, significance, and evaluation are presented in the paper. © 2022, Education and research in Computer Aided Architectural Design in Europe. All rights reserved.","Automated Compliance Checking; BIM family; Grasshopper (GH); Regulatory Compliance checking; Revit",""
"Fuchs S.; Witbrock M.; Dimyadi J.; Amor R.","Fuchs, Stefan (58019368800); Witbrock, Michael (6602830183); Dimyadi, Johannes (57193080675); Amor, Robert (6603399556)","58019368800; 6602830183; 57193080675; 6603399556","Using Large Language Models for the Interpretation of Building Regulations","2024","https://www.scopus.com/inward/record.uri?eid=2-s2.0-85211147840&doi=10.32738%2fJEPPM-2024-0035&partnerID=40&md5=5d904749a5d1592cc78629babb6b8427","Compliance checking is an essential part of a construction project. The recent rapid uptake of building information models (BIM) in the construction industry has created more opportunities for automated compliance checking (ACC). BIM enable sharing of digital building design data that can be used to check compliance with legal requirements, which are conventionally conveyed in natural language and not intended for machine processing. Creating a computable representation of legal requirements suitable for ACC is complex, costly, and time-consuming. Large language models (LLMs) such as the generative pre-trained transformers (GPT), GPT-3.5 and GPT-4, powering OpenAI’s ChatGPT, can generate logically coherent text and source code responding to user prompts. This capability could be used to automate the conversion of building regulations into a semantic and computable representation. This paper evaluates the performance of LLMs in translating building regulations into LegalRuleML in a few-shot learning setup. By providing GPT-3.5 with only a few example translations, it can learn the basic structure of the format. Using a system prompt, we further specify the LegalRuleML representation and explore the existence of expert domain knowledge in the model. Such domain knowledge might be ingrained in GPT-3.5 through the broad pre-training but needs to be brought forth by careful contextualisation. Finally, we investigate whether strategies such as chain-of-thought reasoning and self-consistency could apply to this use case. As LLMs become more sophisticated, the increased common sense, logical coherence and means to domain adaptation can significantly support ACC, leading to more efficient and effective checking processes. Copyright © Journal of Engineering, Project, and Production Management (EPPM-Journal).","automated compliance checking; building codes; gpt; Large language models; semantic parsing","Building codes; Building Information Model; FORTH (programming language); Project management; Structural analysis; Automated compliance checking; Building Information Modelling; Building regulations; Compliance checking; Domain knowledge; Gpt; Language model; Large language model; Legal requirements; Semantic parsing; Semantics"
